item_id,item_name,category,sub_category,price,origin,season,shelf_life,is_long_tail
1,土鸡蛋,禽肉蛋品,畜肉类,20.73,河北省,夏季,20,True
2,有机肥,农资,农膜,15.66,山东省,夏季,603,True
3,软籽石榴,水果,瓜果类,21.94,新疆维吾尔自治区,冬季,10,True
4,红富士苹果,水果,柑橘类,14.41,山西省,秋季,7,True
5,黄小米,粮油,大米,12.25,江西省,秋季,450,False
6,黑米,粮油,杂粮,46.4,河南省,全年,550,True
7,泰国香米,粮油,面粉,26.7,北京市,春季,418,False
8,山药,蔬菜,花菜类,6.43,天津市,秋季,14,True
9,荔枝,水果,瓜果类,19.45,河南省,夏季,20,True
10,香瓜,水果,浆果类,20.28,青海省,全年,10,True
11,籼米,粮油,面粉,7.41,天津市,秋季,590,True
12,皇冠梨,水果,瓜果类,8.74,安徽省,冬季,15,False
13,鸭蛋,禽肉蛋品,禽肉类,20.82,江苏省,全年,75,True
14,鹌鹑肉,禽肉蛋品,畜肉类,26.82,江西省,夏季,72,True
15,黑米,粮油,面粉,17.0,新疆维吾尔自治区,冬季,245,True
16,鹅肉,禽肉蛋品,畜肉类,58.5,河北省,春季,21,True
17,南瓜,蔬菜,花菜类,3.01,安徽省,冬季,8,True
18,代森锰锌,农资,农药,183.4,贵州省,秋季,1019,True
19,哈密瓜,水果,柑橘类,28.74,黑龙江省,全年,3,True
20,韭菜,蔬菜,瓜类,14.8,宁夏回族自治区,秋季,10,True
21,有机肥,农资,化肥,102.34,重庆市,春季,910,False
22,黄桃,水果,热带水果,10.16,浙江省,全年,16,False
23,阿维菌素,农资,种子,199.08,江西省,秋季,813,False
24,苦瓜,蔬菜,茄果类,6.06,河南省,全年,20,True
25,沃柑,水果,瓜果类,4.59,新疆维吾尔自治区,春季,4,False
26,樱桃,水果,浆果类,16.11,甘肃省,全年,7,True
27,农膜,农资,农药,99.86,上海市,冬季,559,True
28,鸭肉,禽肉蛋品,禽肉类,32.29,陕西省,春季,90,False
29,火龙果,水果,瓜果类,24.62,安徽省,春季,10,True
30,香菜,蔬菜,根茎类,5.26,浙江省,夏季,30,False
31,花菜,蔬菜,叶菜类,10.3,山东省,全年,29,True
32,红提,水果,柑橘类,13.97,浙江省,冬季,9,False
33,吡虫啉,农资,农膜,197.21,四川省,秋季,830,True
34,羊肉,禽肉蛋品,畜肉类,45.36,甘肃省,夏季,31,True
35,防虫网,农资,化肥,69.58,重庆市,春季,963,True
36,遮阳网,农资,农药,192.55,山东省,春季,555,True
37,樱桃,水果,核果类,28.42,广东省,全年,10,True
38,丑橘,水果,核果类,18.76,甘肃省,全年,13,False
39,杨梅,水果,浆果类,10.17,湖北省,夏季,24,True
40,生菜,蔬菜,叶菜类,9.89,广西壮族自治区,全年,6,True
41,大樱桃,水果,柑橘类,12.42,青海省,春季,10,True
42,杏子,水果,瓜果类,19.52,福建省,全年,3,True
43,牛腱子,禽肉蛋品,蛋类,53.66,西藏自治区,秋季,21,False
44,面粉,粮油,食用油,50.36,福建省,秋季,388,True
45,大棚膜,农资,农膜,182.01,河北省,春季,459,False
46,泰国香米,粮油,大米,62.83,安徽省,秋季,345,False
47,樱桃谷鸭,禽肉蛋品,畜肉类,13.82,四川省,夏季,76,True
48,花菜,蔬菜,茄果类,3.22,陕西省,秋季,14,False
49,泰国香米,粮油,食用油,56.16,湖南省,春季,542,False
50,玉米种子,农资,农药,186.68,青海省,夏季,546,False
51,青提,水果,浆果类,28.13,上海市,夏季,11,True
52,玉米,粮油,大米,40.3,海南省,夏季,651,True
53,荞麦面,粮油,面粉,54.5,四川省,冬季,516,True
54,车厘子,水果,浆果类,16.75,新疆维吾尔自治区,全年,13,False
55,大樱桃,水果,柑橘类,28.99,吉林省,秋季,4,True
56,豌豆,蔬菜,瓜类,9.68,陕西省,全年,6,True
57,老母鸡,禽肉蛋品,蛋类,30.67,山西省,全年,75,True
58,阿维菌素,农资,种子,23.3,陕西省,秋季,1003,True
59,橄榄油,粮油,食用油,35.63,甘肃省,冬季,482,True
60,凤梨,水果,核果类,23.2,甘肃省,夏季,22,True
61,大白菜,蔬菜,瓜类,4.34,福建省,全年,22,True
62,紫薯,蔬菜,花菜类,8.4,湖南省,夏季,24,True
63,大蒜,蔬菜,豆类,2.76,安徽省,夏季,24,True
64,面粉,粮油,大米,23.36,山东省,冬季,254,True
65,阿维菌素,农资,农膜,85.93,云南省,夏季,1036,False
66,生物菌肥,农资,农膜,43.42,湖北省,全年,840,True
67,红心猕猴桃,水果,核果类,24.64,江苏省,全年,20,True
68,蔬菜种子,农资,农膜,182.3,天津市,冬季,527,False
69,冬瓜,蔬菜,茄果类,10.11,天津市,全年,18,True
70,沃柑,水果,瓜果类,9.33,福建省,秋季,13,False
71,贵妃芒,水果,柑橘类,21.74,江西省,夏季,5,True
72,山药,蔬菜,根茎类,4.29,山东省,冬季,15,False
73,牛腩,禽肉蛋品,蛋类,53.79,海南省,全年,55,True
74,戊唑醇,农资,农膜,179.41,海南省,冬季,916,False
75,青萝卜,蔬菜,茄果类,4.46,云南省,冬季,18,True
76,小葱,蔬菜,根茎类,3.73,重庆市,冬季,7,False
77,土豆,蔬菜,豆类,10.45,吉林省,春季,23,True
78,啶虫脒,农资,化肥,82.03,河北省,夏季,830,True
79,玉米,粮油,食用油,76.34,北京市,冬季,438,False
80,荷兰豆,蔬菜,豆类,15.0,山东省,秋季,10,True
81,泰国香米,粮油,大米,23.55,西藏自治区,春季,336,True
82,韭菜,蔬菜,豆类,4.44,西藏自治区,秋季,27,True
83,羊肉,禽肉蛋品,畜肉类,48.45,广东省,夏季,46,True
84,阳光玫瑰,水果,热带水果,27.52,甘肃省,冬季,15,False
85,雪梨,水果,瓜果类,19.94,天津市,春季,25,True
86,叶面肥,农资,化肥,111.22,辽宁省,秋季,435,True
87,马铃薯,蔬菜,根茎类,7.35,广东省,秋季,23,False
88,番茄,蔬菜,根茎类,11.41,浙江省,秋季,22,True
89,莲藕,蔬菜,根茎类,12.65,陕西省,全年,11,True
90,丑橘,水果,浆果类,15.17,宁夏回族自治区,冬季,21,True
91,小白菜,蔬菜,根茎类,5.89,海南省,冬季,9,True
92,车厘子,水果,热带水果,26.76,山西省,全年,3,True
93,樱桃,水果,瓜果类,16.19,陕西省,夏季,25,True
94,土豆粉,粮油,大米,27.07,河南省,冬季,429,True
95,猪肉,禽肉蛋品,畜肉类,25.88,贵州省,全年,49,True
96,紫茄子,蔬菜,瓜类,3.13,湖北省,夏季,13,True
97,豆角,蔬菜,茄果类,4.42,湖南省,冬季,11,True
98,遮阳网,农资,种子,168.2,广东省,秋季,597,True
99,四季豆,蔬菜,豆类,5.2,江苏省,春季,20,True
100,地膜,农资,化肥,12.33,海南省,秋季,845,True
101,菠菜,蔬菜,瓜类,13.13,西藏自治区,春季,29,True
102,胡萝卜,蔬菜,花菜类,2.22,甘肃省,夏季,28,True
103,苦瓜,蔬菜,叶菜类,11.82,黑龙江省,全年,22,True
104,李子,水果,核果类,27.53,广西壮族自治区,秋季,30,True
105,胡萝卜,蔬菜,豆类,9.73,山东省,春季,27,True
106,凤梨,水果,仁果类,9.48,浙江省,全年,5,True
107,豆角,蔬菜,豆类,5.43,云南省,夏季,12,True
108,绿豆,粮油,大米,22.51,甘肃省,秋季,382,True
109,生姜,蔬菜,茄果类,5.09,青海省,夏季,5,True
110,玉米油,粮油,杂粮,40.15,广东省,秋季,592,False
111,茭白,蔬菜,根茎类,9.57,河南省,冬季,26,True
112,丑橘,水果,柑橘类,21.21,西藏自治区,全年,21,False
113,百菌清,农资,化肥,153.69,北京市,冬季,896,False
114,啶虫脒,农资,农膜,164.71,新疆维吾尔自治区,春季,846,True
115,大葱,蔬菜,叶菜类,3.67,海南省,冬季,25,True
116,老鸭,禽肉蛋品,畜肉类,31.65,山东省,秋季,39,True
117,水稻种子,农资,化肥,175.18,甘肃省,冬季,788,True
118,洋葱,蔬菜,根茎类,7.47,新疆维吾尔自治区,春季,9,True
119,葡萄,水果,核果类,21.85,宁夏回族自治区,春季,3,False
120,土鸡,禽肉蛋品,畜肉类,24.16,浙江省,春季,77,True
121,红心猕猴桃,水果,核果类,6.17,西藏自治区,夏季,18,False
122,杨梅,水果,浆果类,25.54,陕西省,冬季,10,True
123,软籽石榴,水果,热带水果,23.15,贵州省,夏季,30,True
124,糯玉米,粮油,食用油,64.08,青海省,秋季,182,True
125,雪梨,水果,热带水果,16.22,甘肃省,夏季,17,True
126,花菜,蔬菜,豆类,7.65,江西省,秋季,30,True
127,排骨,禽肉蛋品,禽肉类,52.51,湖北省,冬季,12,True
128,彩椒,蔬菜,根茎类,12.2,甘肃省,夏季,18,False
129,雪梨,水果,浆果类,5.71,海南省,冬季,6,True
130,豌豆,蔬菜,茄果类,13.26,陕西省,夏季,5,True
131,草铵膦,农资,农膜,25.26,新疆维吾尔自治区,秋季,1055,False
132,辣椒,蔬菜,花菜类,13.48,山西省,冬季,30,True
133,土鸡,禽肉蛋品,畜肉类,55.89,甘肃省,夏季,18,True
134,香蕉,水果,瓜果类,5.71,海南省,夏季,25,True
135,巨峰葡萄,水果,仁果类,12.68,福建省,冬季,7,True
136,小葱,蔬菜,茄果类,3.86,浙江省,全年,30,True
137,猪肉,禽肉蛋品,畜肉类,20.07,江苏省,秋季,65,True
138,柠檬,水果,浆果类,17.76,甘肃省,春季,17,False
139,戊唑醇,农资,农膜,57.52,山西省,秋季,568,False
140,生物菌肥,农资,农药,118.67,江西省,全年,667,False
141,凤梨,水果,核果类,3.22,河北省,春季,22,True
142,玉米油,粮油,面粉,65.14,内蒙古自治区,夏季,374,True
143,羊肉,禽肉蛋品,畜肉类,51.59,甘肃省,春季,87,True
144,紫薯,蔬菜,叶菜类,6.43,吉林省,夏季,5,False
145,马铃薯,蔬菜,茄果类,3.28,湖南省,全年,14,True
146,吡虫啉,农资,种子,166.69,青海省,冬季,667,False
147,韭菜,蔬菜,根茎类,2.52,西藏自治区,夏季,30,True
148,老鸭,禽肉蛋品,畜肉类,12.7,辽宁省,冬季,8,True
149,哈密瓜,水果,瓜果类,21.15,重庆市,全年,15,True
150,生物菌肥,农资,农药,14.75,云南省,全年,700,False
151,沃柑,水果,瓜果类,15.54,天津市,秋季,23,True
152,赣南脐橙,水果,浆果类,6.14,云南省,夏季,20,True
153,大葱,蔬菜,花菜类,14.27,山西省,冬季,21,True
154,红心火龙果,水果,瓜果类,25.51,广东省,全年,16,False
155,龙眼,水果,浆果类,14.97,湖南省,夏季,30,True
156,莠去津,农资,种子,85.65,山东省,夏季,490,False
157,小米,粮油,面粉,52.96,新疆维吾尔自治区,春季,231,False
158,芒果,水果,热带水果,4.85,湖南省,全年,9,True
159,荞麦面,粮油,食用油,16.07,北京市,全年,182,True
160,冲施肥,农资,种子,43.15,上海市,春季,499,True
161,菜籽油,粮油,食用油,18.07,四川省,春季,309,False
162,荷兰豆,蔬菜,叶菜类,7.55,云南省,秋季,19,True
163,丝瓜,蔬菜,豆类,11.32,山东省,全年,12,True
164,氯化钾,农资,农膜,86.31,海南省,春季,867,False
165,油麦菜,蔬菜,瓜类,3.5,内蒙古自治区,夏季,11,True
166,牛腩,禽肉蛋品,禽肉类,59.72,江西省,全年,44,True
167,鹌鹑蛋,禽肉蛋品,畜肉类,52.35,广东省,全年,34,True
168,玉米种子,农资,种子,96.16,天津市,冬季,462,True
169,冬瓜,蔬菜,瓜类,3.56,西藏自治区,冬季,5,True
170,蓝莓,水果,仁果类,22.95,重庆市,夏季,20,True
171,草铵膦,农资,化肥,77.18,陕西省,冬季,417,False
172,鸭肉,禽肉蛋品,蛋类,34.39,吉林省,夏季,68,True
173,梨,水果,浆果类,23.59,广东省,全年,10,True
174,东北大米,粮油,食用油,18.53,四川省,秋季,527,True
175,贵妃芒,水果,热带水果,13.82,甘肃省,夏季,26,True
176,青提,水果,热带水果,13.16,湖南省,冬季,13,True
177,辣椒,蔬菜,豆类,2.65,内蒙古自治区,春季,7,True
178,牛腱子,禽肉蛋品,蛋类,31.04,河北省,冬季,69,True
179,水果黄瓜,蔬菜,豆类,6.16,广东省,春季,12,True
180,五花肉,禽肉蛋品,畜肉类,10.36,福建省,冬季,83,True
181,草莓,水果,柑橘类,9.9,北京市,秋季,6,True
182,低筋面粉,粮油,面粉,44.94,江西省,夏季,692,True
183,鸭肉,禽肉蛋品,蛋类,52.81,江西省,春季,62,True
184,草甘膦,农资,农膜,86.84,吉林省,冬季,661,True
185,巨峰葡萄,水果,柑橘类,28.59,上海市,冬季,29,True
186,红薯,蔬菜,叶菜类,7.38,湖北省,冬季,19,True
187,草铵膦,农资,农药,158.03,安徽省,春季,887,False
188,黄瓜,蔬菜,瓜类,11.32,辽宁省,夏季,10,True
189,石榴,水果,热带水果,23.53,江苏省,春季,8,False
190,鹅肉,禽肉蛋品,畜肉类,38.13,北京市,全年,89,True
191,鸽子肉,禽肉蛋品,畜肉类,15.85,安徽省,春季,67,True
192,南瓜,蔬菜,豆类,6.25,山东省,春季,12,True
193,哈密瓜,水果,浆果类,20.41,河南省,春季,22,True
194,白萝卜,蔬菜,豆类,12.19,西藏自治区,春季,17,False
195,鸡肉,禽肉蛋品,禽肉类,32.73,内蒙古自治区,夏季,14,True
196,葵花籽油,粮油,大米,53.46,贵州省,春季,433,False
197,遮阳网,农资,农药,80.84,辽宁省,秋季,761,True
198,青萝卜,蔬菜,叶菜类,10.02,上海市,秋季,5,True
199,老鸭,禽肉蛋品,禽肉类,45.63,河北省,全年,26,True
200,鸭蛋,禽肉蛋品,禽肉类,58.32,福建省,冬季,23,True
201,戊唑醇,农资,农膜,160.42,新疆维吾尔自治区,夏季,1051,False
202,遮阳网,农资,化肥,137.39,新疆维吾尔自治区,全年,735,True
203,水果黄瓜,蔬菜,瓜类,11.84,西藏自治区,夏季,10,False
204,葡萄,水果,仁果类,23.81,贵州省,全年,4,True
205,冲施肥,农资,农膜,40.83,江苏省,全年,534,False
206,哈密瓜,水果,瓜果类,9.41,重庆市,冬季,22,True
207,土豆粉,粮油,面粉,22.94,黑龙江省,冬季,378,True
208,蔬菜种子,农资,农膜,63.54,北京市,冬季,879,True
209,阿维菌素,农资,农药,57.5,海南省,冬季,745,True
210,李子,水果,仁果类,5.26,福建省,夏季,11,True
211,红薯,蔬菜,叶菜类,13.79,西藏自治区,冬季,14,False
212,土豆,蔬菜,豆类,4.68,辽宁省,春季,14,True
213,芹菜,蔬菜,花菜类,6.03,新疆维吾尔自治区,夏季,7,True
214,农膜,农资,农药,144.05,北京市,冬季,995,True
215,大樱桃,水果,柑橘类,7.04,天津市,全年,19,True
216,菜籽油,粮油,食用油,8.58,广东省,冬季,648,True
217,黄豆,粮油,大米,43.65,新疆维吾尔自治区,夏季,327,True
218,麒麟瓜,水果,柑橘类,14.25,吉林省,春季,19,False
219,李子,水果,热带水果,24.23,贵州省,全年,20,True
220,磷酸二铵,农资,农膜,58.19,辽宁省,春季,730,False
221,豌豆,蔬菜,花菜类,2.9,新疆维吾尔自治区,全年,26,True
222,麒麟瓜,水果,热带水果,24.96,安徽省,夏季,29,True
223,豆角,蔬菜,根茎类,3.96,新疆维吾尔自治区,夏季,5,True
224,磷酸二铵,农资,种子,18.32,湖南省,夏季,407,True
225,土豆,蔬菜,豆类,4.92,云南省,夏季,12,True
226,葵花籽油,粮油,食用油,64.95,广东省,冬季,589,False
227,烟嘧磺隆,农资,种子,104.28,浙江省,冬季,741,False
228,油麦菜,蔬菜,花菜类,2.57,陕西省,全年,29,True
229,猕猴桃,水果,仁果类,20.84,安徽省,秋季,17,True
230,豆角,蔬菜,根茎类,7.54,辽宁省,秋季,22,False
231,砂糖橘,水果,仁果类,20.21,甘肃省,秋季,19,True
232,土鸡蛋,禽肉蛋品,蛋类,39.59,海南省,冬季,11,True
233,菠萝,水果,浆果类,13.34,辽宁省,全年,4,True
234,鸭肉,禽肉蛋品,禽肉类,47.68,广西壮族自治区,全年,24,True
235,生姜,蔬菜,瓜类,14.47,湖北省,春季,26,True
236,花菜,蔬菜,叶菜类,11.96,河北省,冬季,9,False
237,水蜜桃,水果,柑橘类,6.66,广东省,春季,17,True
238,小米,粮油,食用油,31.06,甘肃省,春季,477,False
239,啶虫脒,农资,种子,52.61,贵州省,夏季,507,True
240,青椒,蔬菜,豆类,6.48,吉林省,全年,7,True
241,阳光玫瑰,水果,核果类,22.41,山西省,全年,16,True
242,糯米,粮油,面粉,53.18,安徽省,冬季,657,True
243,花菜,蔬菜,花菜类,3.96,吉林省,夏季,16,True
244,叶面肥,农资,农药,41.28,福建省,秋季,1091,True
245,遮阳网,农资,种子,24.98,海南省,夏季,1015,False
246,香蕉,水果,浆果类,17.4,内蒙古自治区,全年,23,True
247,水溶肥,农资,农药,128.65,甘肃省,全年,710,False
248,兔肉,禽肉蛋品,蛋类,10.36,河南省,全年,40,True
249,糯玉米,粮油,大米,71.67,云南省,全年,476,True
250,苦瓜,蔬菜,花菜类,5.52,江西省,春季,25,True
251,莲藕,蔬菜,根茎类,6.09,湖南省,夏季,13,False
252,小米辣,蔬菜,根茎类,11.77,江苏省,全年,20,True
253,红心猕猴桃,水果,浆果类,9.69,广西壮族自治区,春季,4,True
254,洋葱,蔬菜,根茎类,14.5,湖北省,夏季,29,True
255,乌鸡,禽肉蛋品,蛋类,16.29,北京市,全年,66,True
256,小白菜,蔬菜,叶菜类,6.81,西藏自治区,冬季,10,True
257,菠菜,蔬菜,瓜类,9.57,云南省,冬季,12,True
258,红薯粉,粮油,面粉,24.84,宁夏回族自治区,秋季,592,True
259,胡萝卜,蔬菜,豆类,6.39,湖南省,秋季,5,True
260,花菜,蔬菜,瓜类,14.85,天津市,全年,6,True
261,哈密瓜,水果,浆果类,28.35,黑龙江省,夏季,9,True
262,娃娃菜,蔬菜,叶菜类,3.35,山东省,秋季,28,True
263,青萝卜,蔬菜,豆类,5.93,江苏省,全年,13,True
264,戊唑醇,农资,种子,167.37,贵州省,全年,866,False
265,烟台苹果,水果,浆果类,21.19,安徽省,冬季,21,True
266,复合肥,农资,农膜,193.74,河北省,全年,956,True
267,黄桃,水果,柑橘类,19.98,贵州省,全年,27,True
268,荔枝,水果,柑橘类,18.46,山东省,春季,9,True
269,番茄,蔬菜,根茎类,4.25,山西省,全年,27,True
270,荷兰豆,蔬菜,花菜类,11.03,山东省,全年,9,True
271,农膜,农资,农膜,191.77,安徽省,冬季,910,True
272,豌豆,蔬菜,花菜类,12.35,新疆维吾尔自治区,秋季,22,True
273,百菌清,农资,种子,188.88,湖北省,秋季,660,False
274,猪肉,禽肉蛋品,禽肉类,26.14,云南省,秋季,43,True
275,老鸭,禽肉蛋品,禽肉类,25.95,天津市,夏季,44,True
276,有机肥,农资,种子,94.05,青海省,秋季,855,True
277,大豆油,粮油,食用油,13.19,江苏省,全年,425,True
278,五花肉,禽肉蛋品,蛋类,20.11,新疆维吾尔自治区,春季,59,True
279,小葱,蔬菜,茄果类,14.52,四川省,夏季,16,True
280,农膜,农资,农膜,47.9,新疆维吾尔自治区,秋季,693,True
281,丑橘,水果,瓜果类,9.27,吉林省,春季,8,True
282,泰国香米,粮油,杂粮,42.15,上海市,秋季,218,True
283,鹌鹑蛋,禽肉蛋品,禽肉类,31.63,福建省,全年,74,True
284,大棚膜,农资,农膜,46.63,河北省,春季,703,True
285,冬瓜,蔬菜,花菜类,1.69,浙江省,秋季,28,True
286,鸡肉,禽肉蛋品,蛋类,52.52,内蒙古自治区,冬季,61,True
287,凤梨,水果,仁果类,29.51,浙江省,冬季,13,False
288,香瓜,水果,柑橘类,23.35,广西壮族自治区,秋季,12,True
289,老母鸡,禽肉蛋品,畜肉类,44.02,辽宁省,春季,22,True
290,荔枝,水果,热带水果,27.17,青海省,秋季,25,True
291,甲基硫菌灵,农资,种子,51.96,内蒙古自治区,夏季,854,True
292,核桃油,粮油,杂粮,46.19,山西省,冬季,403,False
293,猪蹄,禽肉蛋品,蛋类,31.23,贵州省,秋季,16,False
294,梨,水果,热带水果,18.46,湖南省,夏季,8,True
295,韭菜,蔬菜,花菜类,11.18,湖南省,冬季,5,False
296,菠菜,蔬菜,根茎类,8.43,江苏省,冬季,21,True
297,紫茄子,蔬菜,花菜类,6.85,四川省,春季,26,True
298,蓝莓,水果,浆果类,4.72,山西省,春季,5,False
299,茄子,蔬菜,根茎类,11.88,浙江省,冬季,14,False
300,彩椒,蔬菜,根茎类,10.72,河南省,全年,7,True
301,圣女果,蔬菜,豆类,8.64,江西省,夏季,29,True
302,阳光玫瑰,水果,核果类,22.42,甘肃省,冬季,20,True
303,柠檬,水果,浆果类,10.44,江苏省,春季,4,True
304,小白菜,蔬菜,茄果类,2.41,湖南省,全年,4,True
305,鸽子肉,禽肉蛋品,蛋类,46.51,湖北省,冬季,63,True
306,砂糖橘,水果,柑橘类,29.82,贵州省,夏季,29,False
307,排骨,禽肉蛋品,畜肉类,42.97,北京市,秋季,37,True
308,凤梨,水果,热带水果,14.17,湖北省,秋季,4,True
309,羊肉,禽肉蛋品,蛋类,43.3,新疆维吾尔自治区,全年,70,True
310,生姜,蔬菜,花菜类,12.11,江西省,秋季,25,True
311,香瓜,水果,柑橘类,17.52,北京市,夏季,30,True
312,水溶肥,农资,农膜,20.95,青海省,冬季,791,True
313,樱桃,水果,浆果类,11.92,湖南省,春季,17,True
314,枇杷,水果,柑橘类,10.25,山东省,全年,22,True
315,红提,水果,热带水果,21.13,重庆市,夏季,18,True
316,戊唑醇,农资,化肥,188.06,湖南省,春季,855,False
317,牛腩,禽肉蛋品,蛋类,55.59,江西省,全年,48,False
318,西兰花,蔬菜,花菜类,5.66,辽宁省,秋季,19,False
319,豌豆,蔬菜,根茎类,12.84,北京市,夏季,14,True
320,红颜草莓,水果,瓜果类,3.44,江苏省,全年,21,True
321,番茄,蔬菜,茄果类,4.61,安徽省,全年,29,True
322,牛腱子,禽肉蛋品,禽肉类,47.69,河北省,冬季,89,True
323,豌豆,蔬菜,瓜类,3.39,浙江省,全年,18,True
324,氯化钾,农资,化肥,170.87,天津市,春季,371,True
325,荞麦面,粮油,大米,16.33,山西省,夏季,697,True
326,香蕉,水果,瓜果类,19.65,青海省,冬季,24,True
327,梨,水果,核果类,3.45,四川省,秋季,20,False
328,龙眼,水果,瓜果类,24.77,陕西省,夏季,6,False
329,苦瓜,蔬菜,茄果类,8.61,内蒙古自治区,秋季,11,True
330,火龙果,水果,核果类,9.57,吉林省,夏季,12,True
331,泰国香米,粮油,大米,33.44,江西省,全年,667,True
332,小台芒,水果,仁果类,25.82,云南省,秋季,21,False
333,遮阳网,农资,化肥,50.17,湖北省,全年,851,True
334,百菌清,农资,化肥,186.47,浙江省,秋季,381,False
335,羊排,禽肉蛋品,畜肉类,28.71,天津市,春季,45,True
336,香瓜,水果,瓜果类,17.6,宁夏回族自治区,冬季,27,True
337,小米,粮油,食用油,12.33,山东省,夏季,257,True
338,甜玉米,粮油,食用油,52.56,四川省,冬季,682,True
339,老鸭,禽肉蛋品,禽肉类,43.34,浙江省,冬季,17,False
340,樱桃,水果,瓜果类,5.22,河南省,夏季,15,True
341,羊肉,禽肉蛋品,禽肉类,26.76,安徽省,春季,7,False
342,南瓜,蔬菜,叶菜类,2.68,江苏省,冬季,17,True
343,芹菜,蔬菜,叶菜类,6.28,河南省,春季,22,True
344,彩椒,蔬菜,叶菜类,7.09,福建省,春季,26,False
345,多菌灵,农资,农药,82.34,甘肃省,夏季,640,True
346,生菜,蔬菜,茄果类,5.23,陕西省,秋季,18,True
347,苦瓜,蔬菜,花菜类,8.19,新疆维吾尔自治区,全年,9,True
348,红富士苹果,水果,核果类,25.72,安徽省,冬季,28,False
349,红薯,蔬菜,花菜类,3.34,内蒙古自治区,秋季,22,False
350,巨峰葡萄,水果,柑橘类,13.75,西藏自治区,秋季,12,True
351,排骨,禽肉蛋品,蛋类,27.55,安徽省,冬季,53,True
352,排骨,禽肉蛋品,畜肉类,43.45,浙江省,全年,10,False
353,四季豆,蔬菜,茄果类,12.27,广西壮族自治区,春季,29,True
354,黄豆,粮油,面粉,27.71,新疆维吾尔自治区,秋季,337,False
355,糯米,粮油,杂粮,40.94,内蒙古自治区,冬季,698,False
356,玉米种子,农资,化肥,194.0,上海市,全年,973,False
357,樱桃,水果,瓜果类,12.59,甘肃省,全年,4,True
358,牛肉,禽肉蛋品,禽肉类,47.14,西藏自治区,冬季,20,True
359,油桃,水果,瓜果类,18.07,贵州省,全年,10,True
360,小葱,蔬菜,豆类,8.26,山西省,秋季,3,True
361,丑橘,水果,仁果类,28.4,天津市,夏季,14,True
362,水果黄瓜,蔬菜,豆类,6.2,云南省,春季,17,True
363,生菜,蔬菜,瓜类,12.44,山东省,春季,3,True
364,牛腱子,禽肉蛋品,蛋类,59.16,青海省,夏季,73,True
365,梨,水果,核果类,15.48,西藏自治区,冬季,23,True
366,樱桃谷鸭,禽肉蛋品,禽肉类,46.34,四川省,夏季,64,True
367,四季豆,蔬菜,茄果类,5.26,湖南省,春季,21,True
368,啶虫脒,农资,种子,47.44,安徽省,春季,633,False
369,大蒜,蔬菜,瓜类,6.75,内蒙古自治区,冬季,21,True
370,山药,蔬菜,豆类,12.49,浙江省,秋季,22,True
371,乌鸡,禽肉蛋品,蛋类,23.88,湖北省,夏季,54,True
372,马铃薯,蔬菜,豆类,9.26,江苏省,冬季,8,True
373,生姜,蔬菜,茄果类,3.75,黑龙江省,秋季,7,True
374,籼米,粮油,食用油,5.72,西藏自治区,夏季,379,False
375,大棚膜,农资,农膜,140.09,陕西省,冬季,1092,False
376,油麦菜,蔬菜,豆类,12.24,四川省,夏季,12,True
377,葡萄,水果,柑橘类,15.35,北京市,冬季,20,True
378,老母鸡,禽肉蛋品,畜肉类,59.53,天津市,全年,12,False
379,水果黄瓜,蔬菜,根茎类,11.44,广东省,夏季,12,False
380,大樱桃,水果,浆果类,25.05,海南省,冬季,30,False
381,菜籽油,粮油,面粉,60.32,上海市,秋季,618,True
382,草莓,水果,柑橘类,4.6,上海市,秋季,20,True
383,辣椒,蔬菜,花菜类,5.41,福建省,秋季,30,True
384,生物菌肥,农资,农药,152.52,西藏自治区,冬季,425,False
385,冲施肥,农资,农药,37.79,湖北省,秋季,618,False
386,猪肉,禽肉蛋品,蛋类,40.88,吉林省,冬季,55,True
387,鹌鹑肉,禽肉蛋品,蛋类,34.81,江西省,秋季,54,True
388,白萝卜,蔬菜,叶菜类,11.95,海南省,春季,26,False
389,牛腩,禽肉蛋品,禽肉类,11.29,海南省,全年,57,True
390,水果黄瓜,蔬菜,根茎类,5.86,河北省,秋季,13,True
391,水蜜桃,水果,浆果类,21.43,宁夏回族自治区,春季,4,True
392,绿豆,粮油,大米,74.71,广东省,夏季,631,True
393,小麦种子,农资,农药,182.79,山西省,秋季,527,False
394,有机肥,农资,种子,25.66,河北省,夏季,418,True
395,豆角,蔬菜,茄果类,10.35,陕西省,春季,3,True
396,雪梨,水果,柑橘类,21.36,贵州省,春季,3,True
397,红薯粉,粮油,面粉,10.31,云南省,冬季,271,False
398,巨峰葡萄,水果,浆果类,11.08,宁夏回族自治区,冬季,27,True
399,水溶肥,农资,化肥,117.03,贵州省,全年,1030,True
400,水果黄瓜,蔬菜,花菜类,3.54,重庆市,冬季,22,True
401,有机肥,农资,化肥,152.96,江苏省,全年,758,True
402,香菜,蔬菜,茄果类,10.2,河北省,夏季,20,True
403,玉米油,粮油,大米,68.53,海南省,秋季,390,True
404,荷兰豆,蔬菜,根茎类,10.22,福建省,夏季,18,True
405,香蕉,水果,热带水果,17.26,河南省,春季,14,False
406,皇冠梨,水果,核果类,17.75,辽宁省,夏季,27,True
407,硫酸钾,农资,化肥,22.83,吉林省,秋季,585,True
408,火龙果,水果,热带水果,19.97,福建省,全年,27,True
409,小米,粮油,面粉,11.27,河北省,春季,703,False
410,水溶肥,农资,种子,121.42,江西省,春季,682,False
411,菜籽油,粮油,大米,11.47,湖北省,冬季,298,True
412,三黄鸡,禽肉蛋品,畜肉类,42.22,重庆市,夏季,22,True
413,红富士苹果,水果,柑橘类,28.73,云南省,全年,19,True
414,高筋面粉,粮油,食用油,61.23,江苏省,秋季,300,False
415,蓝莓,水果,浆果类,4.72,贵州省,全年,23,True
416,青椒,蔬菜,叶菜类,13.1,云南省,夏季,14,True
417,黑米,粮油,面粉,43.16,重庆市,春季,192,True
418,彩椒,蔬菜,茄果类,14.07,浙江省,春季,20,True
419,糯玉米,粮油,面粉,23.62,安徽省,秋季,457,False
420,鹌鹑蛋,禽肉蛋品,畜肉类,54.9,甘肃省,夏季,35,False
421,水稻种子,农资,化肥,98.37,宁夏回族自治区,秋季,683,True
422,土鸡蛋,禽肉蛋品,禽肉类,23.16,湖南省,秋季,86,True
423,茭白,蔬菜,茄果类,13.66,重庆市,夏季,7,True
424,丝瓜,蔬菜,豆类,10.09,辽宁省,春季,13,True
425,鸽子肉,禽肉蛋品,畜肉类,23.99,重庆市,夏季,74,False
426,菠菜,蔬菜,茄果类,5.28,山西省,春季,10,False
427,豆角,蔬菜,瓜类,14.66,广西壮族自治区,春季,21,True
428,火龙果,水果,仁果类,18.33,吉林省,冬季,24,False
429,大樱桃,水果,浆果类,24.62,青海省,秋季,13,True
430,软籽石榴,水果,柑橘类,23.79,北京市,春季,7,True
431,辣椒,蔬菜,根茎类,8.73,广东省,夏季,17,True
432,红心猕猴桃,水果,仁果类,24.81,浙江省,秋季,29,True
433,鸡肉,禽肉蛋品,禽肉类,12.74,江苏省,夏季,52,True
434,阳光玫瑰,水果,浆果类,29.75,天津市,春季,15,False
435,里脊肉,禽肉蛋品,蛋类,32.03,广东省,夏季,22,True
436,荞麦面,粮油,面粉,66.78,湖南省,秋季,266,True
437,沃柑,水果,仁果类,8.34,河南省,冬季,28,True
438,草铵膦,农资,化肥,189.03,山东省,春季,537,False
439,豌豆,蔬菜,根茎类,1.9,云南省,冬季,8,True
440,百菌清,农资,种子,177.85,广西壮族自治区,春季,993,False
441,葡萄,水果,核果类,26.84,陕西省,冬季,4,True
442,马铃薯,蔬菜,茄果类,13.44,新疆维吾尔自治区,全年,10,True
443,东北大米,粮油,杂粮,58.5,上海市,冬季,676,True
444,乌鸡,禽肉蛋品,禽肉类,17.35,河北省,秋季,83,True
445,百菌清,农资,化肥,198.39,上海市,全年,731,False
446,吡虫啉,农资,化肥,134.8,湖北省,秋季,911,False
447,氯化钾,农资,农药,170.84,吉林省,冬季,728,False
448,啶虫脒,农资,农药,122.58,湖北省,秋季,970,True
449,面粉,粮油,面粉,79.1,天津市,冬季,496,True
450,砂糖橘,水果,柑橘类,8.91,内蒙古自治区,全年,18,True
451,阿维菌素,农资,农药,146.22,安徽省,秋季,425,True
452,鸭蛋,禽肉蛋品,蛋类,35.37,海南省,秋季,16,True
453,水稻种子,农资,化肥,67.34,安徽省,夏季,526,False
454,大蒜,蔬菜,根茎类,5.78,新疆维吾尔自治区,全年,25,False
455,鸭肉,禽肉蛋品,蛋类,38.63,甘肃省,夏季,55,True
456,鸭蛋,禽肉蛋品,蛋类,8.09,重庆市,全年,57,False
457,泰国香米,粮油,面粉,28.87,内蒙古自治区,全年,406,True
458,水蜜桃,水果,柑橘类,23.12,安徽省,夏季,14,False
459,丑橘,水果,瓜果类,20.26,甘肃省,秋季,17,True
460,龙眼,水果,仁果类,9.93,辽宁省,春季,26,True
461,豌豆,蔬菜,根茎类,13.44,浙江省,冬季,15,True
462,莲藕,蔬菜,豆类,11.74,新疆维吾尔自治区,夏季,8,True
463,泰国香米,粮油,食用油,28.9,四川省,春季,255,True
464,吡虫啉,农资,化肥,188.95,黑龙江省,春季,711,True
465,猪肉,禽肉蛋品,畜肉类,30.43,四川省,夏季,84,False
466,猕猴桃,水果,浆果类,29.31,湖南省,冬季,25,True
467,防虫网,农资,种子,63.49,甘肃省,夏季,463,True
468,兔肉,禽肉蛋品,禽肉类,10.83,江苏省,春季,61,True
469,红豆,粮油,面粉,6.93,广东省,夏季,478,False
470,韭菜,蔬菜,瓜类,6.87,上海市,冬季,24,True
471,老鸭,禽肉蛋品,蛋类,54.05,辽宁省,秋季,30,True
472,柠檬,水果,浆果类,25.6,湖北省,全年,4,True
473,鹌鹑蛋,禽肉蛋品,蛋类,25.88,甘肃省,全年,59,False
474,里脊肉,禽肉蛋品,蛋类,28.13,天津市,全年,60,False
475,猪肉,禽肉蛋品,畜肉类,20.25,宁夏回族自治区,秋季,17,True
476,磷酸二铵,农资,农药,190.36,广东省,冬季,542,False
477,草莓,水果,柑橘类,4.15,江苏省,春季,24,True
478,水溶肥,农资,种子,183.05,安徽省,春季,454,True
479,辣椒,蔬菜,瓜类,7.69,贵州省,春季,28,True
480,羊腿,禽肉蛋品,禽肉类,29.55,广东省,夏季,79,True
481,黄小米,粮油,大米,63.47,吉林省,秋季,532,False
482,菠萝,水果,核果类,19.44,吉林省,春季,8,True
483,柚子,水果,瓜果类,13.85,山西省,冬季,13,True
484,黄桃,水果,浆果类,13.06,宁夏回族自治区,秋季,29,True
485,茭白,蔬菜,花菜类,2.83,甘肃省,夏季,7,True
486,芝麻油,粮油,食用油,36.26,重庆市,春季,372,True
487,玉米种子,农资,农膜,108.14,北京市,秋季,422,True
488,阳光玫瑰,水果,瓜果类,13.89,贵州省,全年,21,True
489,软籽石榴,水果,仁果类,3.89,湖北省,春季,14,True
490,柠檬,水果,热带水果,20.16,江西省,春季,24,True
491,青萝卜,蔬菜,根茎类,14.47,浙江省,冬季,21,True
492,冬瓜,蔬菜,花菜类,10.8,天津市,秋季,3,True
493,皇冠梨,水果,柑橘类,8.98,海南省,夏季,24,True
494,五花肉,禽肉蛋品,蛋类,48.58,海南省,春季,67,False
495,猪蹄,禽肉蛋品,蛋类,21.12,湖北省,秋季,89,True
496,乙草胺,农资,农膜,51.46,河北省,秋季,1058,True
497,排骨,禽肉蛋品,蛋类,34.6,四川省,秋季,78,True
498,三黄鸡,禽肉蛋品,畜肉类,33.05,广东省,秋季,42,True
499,代森锰锌,农资,种子,38.49,湖南省,夏季,423,False
500,甜玉米,粮油,食用油,15.49,甘肃省,春季,689,False
501,红心火龙果,水果,核果类,22.89,江西省,全年,25,False
502,葵花籽油,粮油,面粉,45.1,甘肃省,冬季,547,True
503,低筋面粉,粮油,食用油,40.31,广东省,秋季,367,False
504,有机肥,农资,农药,52.43,辽宁省,秋季,795,False
505,冬瓜,蔬菜,豆类,7.76,福建省,春季,18,True
506,排骨,禽肉蛋品,畜肉类,32.56,河南省,夏季,71,True
507,五花肉,禽肉蛋品,禽肉类,10.81,陕西省,夏季,24,False
508,胡萝卜,蔬菜,根茎类,5.77,江苏省,夏季,27,True
509,圣女果,蔬菜,瓜类,2.28,新疆维吾尔自治区,冬季,11,True
510,高筋面粉,粮油,杂粮,62.27,上海市,春季,312,True
511,老鸭,禽肉蛋品,禽肉类,32.82,西藏自治区,春季,11,True
512,五常大米,粮油,食用油,67.49,北京市,夏季,198,True
513,土鸡,禽肉蛋品,蛋类,53.6,山西省,秋季,23,True
514,紫茄子,蔬菜,茄果类,12.62,河南省,秋季,12,True
515,芦笋,蔬菜,瓜类,13.49,陕西省,夏季,13,False
516,黄瓜,蔬菜,茄果类,13.74,西藏自治区,冬季,3,True
517,紫米,粮油,面粉,6.64,重庆市,全年,353,True
518,泰国香米,粮油,杂粮,53.02,宁夏回族自治区,全年,229,True
519,猕猴桃,水果,瓜果类,3.53,天津市,春季,16,True
520,大樱桃,水果,核果类,7.13,山西省,春季,12,True
521,李子,水果,浆果类,19.35,内蒙古自治区,夏季,16,True
522,枇杷,水果,热带水果,10.63,广东省,春季,18,True
523,大樱桃,水果,热带水果,12.66,湖南省,冬季,12,True
524,水果黄瓜,蔬菜,花菜类,7.99,青海省,夏季,3,True
525,红心猕猴桃,水果,热带水果,16.34,甘肃省,春季,27,True
526,黄小米,粮油,食用油,22.34,新疆维吾尔自治区,秋季,450,True
527,石榴,水果,仁果类,10.85,海南省,秋季,16,True
528,红提,水果,仁果类,26.0,四川省,夏季,13,True
529,洋葱,蔬菜,瓜类,11.4,宁夏回族自治区,秋季,29,True
530,火龙果,水果,核果类,25.56,河北省,冬季,28,True
531,吡虫啉,农资,化肥,142.27,江苏省,春季,528,True
532,农膜,农资,农膜,126.15,浙江省,秋季,991,True
533,兔肉,禽肉蛋品,畜肉类,14.79,宁夏回族自治区,冬季,21,False
534,生菜,蔬菜,瓜类,5.74,新疆维吾尔自治区,全年,27,True
535,荞麦面,粮油,食用油,44.23,贵州省,全年,277,True
536,红豆,粮油,食用油,55.72,甘肃省,冬季,332,False
537,猪蹄,禽肉蛋品,蛋类,41.46,四川省,夏季,71,False
538,吡虫啉,农资,化肥,103.41,北京市,夏季,703,False
539,红颜草莓,水果,热带水果,13.22,新疆维吾尔自治区,夏季,5,True
540,土豆粉,粮油,大米,42.38,海南省,秋季,301,False
541,东北大米,粮油,大米,35.93,江西省,全年,180,False
542,橄榄油,粮油,面粉,55.36,新疆维吾尔自治区,秋季,552,False
543,绿豆,粮油,食用油,62.56,黑龙江省,全年,664,False
544,紫薯,蔬菜,叶菜类,11.75,广东省,夏季,3,True
545,玉米油,粮油,食用油,12.97,山西省,夏季,684,True
546,糯玉米,粮油,大米,50.81,河北省,夏季,303,False
547,山药,蔬菜,茄果类,6.06,山西省,冬季,4,False
548,黑米,粮油,杂粮,54.38,广西壮族自治区,全年,317,False
549,青提,水果,仁果类,28.25,黑龙江省,全年,18,False
550,低筋面粉,粮油,面粉,66.14,重庆市,春季,576,True
551,乌鸡,禽肉蛋品,畜肉类,28.0,宁夏回族自治区,全年,38,True
552,甲基硫菌灵,农资,农膜,35.34,上海市,冬季,981,False
553,橄榄油,粮油,食用油,60.26,山西省,全年,402,True
554,三黄鸡,禽肉蛋品,畜肉类,55.9,辽宁省,夏季,90,False
555,杏子,水果,瓜果类,11.7,新疆维吾尔自治区,春季,27,True
556,胡萝卜,蔬菜,花菜类,7.14,山西省,全年,12,False
557,大白菜,蔬菜,豆类,1.84,广东省,夏季,4,True
558,红提,水果,柑橘类,21.45,福建省,夏季,29,True
559,玉米面,粮油,大米,66.05,辽宁省,春季,409,False
560,土鸡,禽肉蛋品,畜肉类,49.44,上海市,秋季,13,False
561,小葱,蔬菜,瓜类,8.95,西藏自治区,春季,26,True
562,羊排,禽肉蛋品,禽肉类,19.73,天津市,秋季,82,True
563,羊排,禽肉蛋品,畜肉类,18.06,西藏自治区,冬季,29,False
564,石榴,水果,瓜果类,6.22,贵州省,春季,16,True
565,小台芒,水果,热带水果,9.89,海南省,秋季,17,True
566,贵妃芒,水果,浆果类,4.37,内蒙古自治区,全年,29,True
567,胡萝卜,蔬菜,豆类,2.48,辽宁省,秋季,19,True
568,沃柑,水果,热带水果,14.23,浙江省,全年,15,True
569,草莓,水果,瓜果类,11.94,安徽省,秋季,9,False
570,猪肉,禽肉蛋品,畜肉类,47.11,天津市,春季,21,True
571,生姜,蔬菜,豆类,9.89,青海省,春季,24,False
572,韭菜,蔬菜,根茎类,8.79,河北省,秋季,3,False
573,核桃油,粮油,杂粮,8.29,云南省,夏季,508,True
574,吡虫啉,农资,化肥,22.44,新疆维吾尔自治区,夏季,1066,True
575,杏子,水果,瓜果类,29.36,宁夏回族自治区,冬季,23,True
576,荔枝,水果,柑橘类,15.4,四川省,秋季,4,True
577,大樱桃,水果,热带水果,18.52,河南省,夏季,11,True
578,土豆,蔬菜,根茎类,1.73,安徽省,春季,20,True
579,糯米,粮油,大米,68.62,山西省,秋季,694,True
580,橄榄油,粮油,大米,62.4,福建省,冬季,570,True
581,猪肉,禽肉蛋品,蛋类,19.43,黑龙江省,冬季,76,True
582,三黄鸡,禽肉蛋品,畜肉类,55.54,宁夏回族自治区,秋季,8,True
583,鹌鹑蛋,禽肉蛋品,蛋类,37.78,四川省,冬季,75,True
584,草莓,水果,瓜果类,27.4,重庆市,秋季,9,True
585,五花肉,禽肉蛋品,蛋类,17.57,浙江省,全年,39,True
586,皇冠梨,水果,仁果类,23.28,海南省,全年,17,True
587,凤梨,水果,仁果类,5.65,河北省,全年,18,False
588,大葱,蔬菜,花菜类,2.85,湖北省,全年,5,False
589,紫薯,蔬菜,瓜类,10.4,内蒙古自治区,全年,7,True
590,辣椒,蔬菜,根茎类,1.57,浙江省,夏季,28,True
591,红薯粉,粮油,食用油,31.96,天津市,秋季,671,True
592,紫茄子,蔬菜,根茎类,2.97,黑龙江省,全年,5,True
593,冲施肥,农资,农药,149.37,河北省,春季,442,False
594,东北大米,粮油,杂粮,49.25,北京市,春季,446,True
595,农膜,农资,农药,84.57,辽宁省,全年,662,True
596,油麦菜,蔬菜,根茎类,8.28,辽宁省,夏季,30,False
597,吡虫啉,农资,农药,40.25,广西壮族自治区,全年,944,False
598,农膜,农资,种子,51.58,山东省,冬季,602,True
599,娃娃菜,蔬菜,花菜类,8.49,湖南省,秋季,15,True
600,娃娃菜,蔬菜,叶菜类,5.87,新疆维吾尔自治区,全年,23,True
601,花生油,粮油,面粉,54.03,江西省,秋季,259,True
602,丝瓜,蔬菜,豆类,6.26,江西省,秋季,18,True
603,尿素,农资,农药,41.47,广西壮族自治区,春季,891,False
604,石榴,水果,柑橘类,19.25,辽宁省,春季,24,True
605,黑米,粮油,杂粮,40.91,甘肃省,夏季,345,True
606,苦瓜,蔬菜,叶菜类,9.24,江苏省,夏季,7,True
607,皇冠梨,水果,柑橘类,7.49,山东省,夏季,19,False
608,排骨,禽肉蛋品,畜肉类,53.68,四川省,秋季,17,True
609,猪肉,禽肉蛋品,禽肉类,19.41,浙江省,冬季,83,True
610,羊排,禽肉蛋品,蛋类,42.3,内蒙古自治区,秋季,28,True
611,山药,蔬菜,豆类,2.43,吉林省,冬季,15,True
612,李子,水果,热带水果,14.33,甘肃省,夏季,22,True
613,洋葱,蔬菜,豆类,13.35,山东省,全年,19,True
614,凤梨,水果,柑橘类,19.29,宁夏回族自治区,春季,27,True
615,马铃薯,蔬菜,瓜类,2.09,海南省,全年,16,True
616,玉米,粮油,食用油,65.35,吉林省,全年,280,True
617,红颜草莓,水果,仁果类,19.15,福建省,全年,16,True
618,青提,水果,仁果类,17.11,吉林省,全年,3,True
619,巨峰葡萄,水果,核果类,5.88,辽宁省,冬季,23,True
620,杏子,水果,核果类,12.87,吉林省,秋季,24,True
621,梨,水果,热带水果,7.83,云南省,全年,20,True
622,乙草胺,农资,农膜,36.23,重庆市,春季,600,True
623,鹅蛋,禽肉蛋品,蛋类,34.43,湖南省,秋季,77,True
624,洋鸡蛋,禽肉蛋品,蛋类,58.16,江西省,春季,18,False
625,青萝卜,蔬菜,根茎类,2.37,河南省,夏季,14,True
626,香瓜,水果,核果类,20.72,内蒙古自治区,秋季,25,False
627,石榴,水果,瓜果类,14.85,云南省,夏季,30,True
628,玉米油,粮油,面粉,63.8,山东省,全年,708,True
629,牛腱子,禽肉蛋品,蛋类,20.44,辽宁省,春季,27,True
630,火龙果,水果,浆果类,13.67,甘肃省,全年,9,True
631,糯米,粮油,大米,26.34,黑龙江省,全年,536,True
632,荞麦面,粮油,面粉,74.73,广西壮族自治区,全年,184,True
633,芹菜,蔬菜,豆类,8.29,河南省,秋季,6,True
634,防虫网,农资,种子,94.13,山西省,冬季,941,True
635,西瓜,水果,核果类,15.44,甘肃省,全年,30,True
636,沃柑,水果,核果类,24.29,新疆维吾尔自治区,夏季,24,True
637,糯玉米,粮油,食用油,45.17,贵州省,秋季,434,True
638,荷兰豆,蔬菜,瓜类,8.99,河南省,夏季,18,True
639,皇冠梨,水果,浆果类,28.57,浙江省,夏季,18,True
640,樱桃,水果,浆果类,9.19,湖南省,夏季,29,True
641,猕猴桃,水果,仁果类,5.12,青海省,冬季,22,True
642,磷酸二铵,农资,农膜,127.93,辽宁省,冬季,953,False
643,竹笋,蔬菜,瓜类,4.5,江西省,全年,7,True
644,红豆,粮油,大米,31.05,贵州省,夏季,648,False
645,鹅肉,禽肉蛋品,禽肉类,8.44,山西省,夏季,55,True
646,洋葱,蔬菜,瓜类,8.91,浙江省,夏季,11,True
647,鸭肉,禽肉蛋品,蛋类,30.05,云南省,冬季,54,True
648,紫薯,蔬菜,茄果类,3.27,吉林省,全年,24,True
649,车厘子,水果,柑橘类,14.67,黑龙江省,冬季,9,True
650,水溶肥,农资,农膜,11.85,上海市,冬季,876,True
651,遮阳网,农资,种子,102.46,上海市,秋季,940,False
652,猕猴桃,水果,瓜果类,4.62,浙江省,秋季,18,True
653,青提,水果,浆果类,12.75,河北省,全年,20,False
654,烟台苹果,水果,核果类,12.48,广东省,全年,9,True
655,里脊肉,禽肉蛋品,蛋类,22.8,北京市,秋季,72,True
656,小米,粮油,杂粮,26.49,内蒙古自治区,夏季,351,True
657,玉米种子,农资,农膜,182.34,海南省,春季,530,True
658,生姜,蔬菜,瓜类,5.11,山西省,冬季,11,False
659,核桃油,粮油,杂粮,17.55,陕西省,春季,308,False
660,羊肉,禽肉蛋品,畜肉类,12.16,重庆市,夏季,57,True
661,黄桃,水果,热带水果,3.71,山东省,冬季,19,True
662,大樱桃,水果,热带水果,5.28,江苏省,冬季,12,True
663,土豆粉,粮油,面粉,44.51,江苏省,夏季,209,True
664,辣椒,蔬菜,根茎类,14.66,广西壮族自治区,全年,11,True
665,龙眼,水果,热带水果,18.95,浙江省,冬季,23,True
666,小麦种子,农资,种子,75.96,青海省,全年,597,False
667,青椒,蔬菜,根茎类,3.6,河北省,春季,3,True
668,紫米,粮油,食用油,40.19,福建省,春季,683,False
669,大白菜,蔬菜,根茎类,5.45,上海市,夏季,28,True
670,马铃薯,蔬菜,豆类,6.83,陕西省,夏季,25,True
671,彩椒,蔬菜,茄果类,2.57,河北省,夏季,19,True
672,百菌清,农资,种子,151.16,新疆维吾尔自治区,秋季,787,True
673,芒果,水果,浆果类,20.2,广东省,全年,17,True
674,鸡肉,禽肉蛋品,禽肉类,15.91,四川省,全年,9,True
675,车厘子,水果,柑橘类,14.84,山西省,春季,10,True
676,草莓,水果,浆果类,11.41,陕西省,冬季,14,True
677,葵花籽油,粮油,大米,61.29,天津市,夏季,237,True
678,西兰花,蔬菜,根茎类,4.09,浙江省,秋季,29,True
679,杨梅,水果,柑橘类,23.82,江西省,冬季,10,True
680,柠檬,水果,瓜果类,5.54,北京市,夏季,18,True
681,草甘膦,农资,农药,148.37,新疆维吾尔自治区,全年,898,True
682,紫茄子,蔬菜,茄果类,13.48,辽宁省,夏季,6,True
683,大白菜,蔬菜,茄果类,5.23,上海市,春季,15,True
684,赣南脐橙,水果,热带水果,21.65,上海市,全年,7,True
685,小台芒,水果,核果类,21.52,河南省,秋季,27,True
686,菠萝,水果,柑橘类,17.48,山西省,春季,7,True
687,花菜,蔬菜,花菜类,6.19,北京市,冬季,26,True
688,鸭肉,禽肉蛋品,畜肉类,21.04,江苏省,春季,69,True
689,里脊肉,禽肉蛋品,畜肉类,17.87,云南省,夏季,76,True
690,大豆油,粮油,面粉,44.84,河南省,冬季,482,False
691,山药,蔬菜,叶菜类,10.11,北京市,冬季,26,True
692,哈密瓜,水果,热带水果,11.66,湖北省,春季,24,False
693,全麦面粉,粮油,杂粮,46.36,北京市,全年,469,True
694,鹌鹑蛋,禽肉蛋品,蛋类,42.26,贵州省,春季,23,True
695,猕猴桃,水果,核果类,5.67,湖南省,全年,23,True
696,五花肉,禽肉蛋品,畜肉类,38.7,山西省,春季,53,True
697,五常大米,粮油,面粉,41.86,新疆维吾尔自治区,春季,659,False
698,梨,水果,瓜果类,27.04,西藏自治区,秋季,28,True
699,大豆油,粮油,大米,10.28,重庆市,秋季,259,False
700,生物菌肥,农资,化肥,53.89,重庆市,冬季,559,True
701,排骨,禽肉蛋品,畜肉类,17.3,西藏自治区,全年,60,True
702,亚麻籽油,粮油,杂粮,54.89,山西省,春季,350,False
703,竹笋,蔬菜,瓜类,3.64,甘肃省,全年,17,False
704,草甘膦,农资,种子,155.2,陕西省,冬季,696,False
705,鸡肉,禽肉蛋品,禽肉类,36.61,北京市,秋季,53,False
706,土豆,蔬菜,叶菜类,1.97,重庆市,秋季,22,True
707,阳光玫瑰,水果,仁果类,29.58,福建省,夏季,30,True
708,大豆油,粮油,面粉,7.83,广东省,秋季,339,True
709,白萝卜,蔬菜,茄果类,4.96,湖北省,秋季,5,True
710,鸡肉,禽肉蛋品,畜肉类,45.63,河南省,冬季,29,True
711,生物菌肥,农资,种子,148.85,山东省,全年,755,True
712,西瓜,水果,浆果类,25.06,宁夏回族自治区,冬季,30,True
713,五常大米,粮油,杂粮,27.86,山东省,春季,506,True
714,油桃,水果,瓜果类,7.14,湖北省,冬季,17,True
715,乌鸡蛋,禽肉蛋品,蛋类,23.07,陕西省,冬季,25,True
716,皇冠梨,水果,瓜果类,17.8,山东省,秋季,5,True
717,豆角,蔬菜,茄果类,3.32,北京市,全年,9,True
718,鸡肉,禽肉蛋品,畜肉类,59.85,内蒙古自治区,全年,38,True
719,蓝莓,水果,浆果类,27.95,甘肃省,春季,6,True
720,小米辣,蔬菜,茄果类,6.15,安徽省,春季,27,True
721,蔬菜种子,农资,农药,18.53,广西壮族自治区,夏季,569,False
722,枇杷,水果,仁果类,22.97,广东省,夏季,22,False
723,甲基硫菌灵,农资,化肥,141.82,安徽省,春季,677,True
724,草莓,水果,瓜果类,8.72,黑龙江省,全年,19,True
725,洋葱,蔬菜,花菜类,10.88,江苏省,春季,15,True
726,洋鸡蛋,禽肉蛋品,禽肉类,11.13,浙江省,夏季,86,True
727,大白菜,蔬菜,叶菜类,10.42,江西省,秋季,30,True
728,菠萝,水果,核果类,29.45,湖北省,全年,25,True
729,青萝卜,蔬菜,豆类,4.02,河南省,全年,17,True
730,泰国香米,粮油,面粉,44.71,青海省,秋季,681,True
731,麒麟瓜,水果,瓜果类,12.6,辽宁省,秋季,10,False
732,百菌清,农资,化肥,58.96,新疆维吾尔自治区,冬季,395,False
733,氯虫苯甲酰胺,农资,农药,180.46,安徽省,夏季,454,False
734,小葱,蔬菜,豆类,9.94,海南省,夏季,16,True
735,阳光玫瑰,水果,热带水果,15.13,安徽省,夏季,9,True
736,牛腱子,禽肉蛋品,蛋类,15.18,海南省,全年,24,True
737,水溶肥,农资,农药,22.88,安徽省,全年,486,True
738,面粉,粮油,大米,28.9,北京市,冬季,601,True
739,大豆油,粮油,面粉,19.1,北京市,夏季,369,True
740,百菌清,农资,农药,54.11,内蒙古自治区,春季,732,True
741,紫米,粮油,杂粮,53.72,山西省,夏季,576,True
742,软籽石榴,水果,柑橘类,14.03,山东省,春季,11,False
743,凤梨,水果,柑橘类,8.52,北京市,夏季,17,False
744,辣椒,蔬菜,根茎类,4.83,宁夏回族自治区,冬季,27,True
745,玉米,粮油,食用油,50.86,江西省,全年,717,True
746,泰国香米,粮油,大米,39.27,广西壮族自治区,春季,431,True
747,荷兰豆,蔬菜,叶菜类,6.73,黑龙江省,春季,9,True
748,紫茄子,蔬菜,瓜类,3.75,广西壮族自治区,秋季,22,False
749,鹌鹑肉,禽肉蛋品,蛋类,51.15,广西壮族自治区,冬季,18,True
750,雪梨,水果,瓜果类,6.65,黑龙江省,冬季,13,True
751,雪梨,水果,瓜果类,8.45,宁夏回族自治区,冬季,5,True
752,牛腩,禽肉蛋品,蛋类,46.13,山西省,春季,21,True
753,乌鸡蛋,禽肉蛋品,畜肉类,27.97,山西省,全年,85,False
754,彩椒,蔬菜,叶菜类,3.81,北京市,秋季,21,False
755,吡虫啉,农资,农药,156.14,浙江省,春季,794,True
756,土豆粉,粮油,食用油,18.55,新疆维吾尔自治区,夏季,387,True
757,五常大米,粮油,杂粮,69.16,云南省,全年,185,True
758,水果黄瓜,蔬菜,豆类,7.92,甘肃省,冬季,17,True
759,土鸡,禽肉蛋品,畜肉类,40.23,河北省,全年,33,True
760,菠萝,水果,浆果类,6.93,山东省,春季,24,True
761,乌鸡,禽肉蛋品,蛋类,13.66,山东省,夏季,27,True
762,牛腩,禽肉蛋品,畜肉类,37.76,内蒙古自治区,全年,29,False
763,核桃油,粮油,大米,62.64,河南省,秋季,557,False
764,红薯粉,粮油,大米,40.31,福建省,春季,461,True
765,水果黄瓜,蔬菜,花菜类,9.76,湖南省,春季,21,True
766,乌鸡蛋,禽肉蛋品,禽肉类,43.81,重庆市,秋季,61,True
767,芦笋,蔬菜,豆类,6.28,内蒙古自治区,夏季,22,True
768,大蒜,蔬菜,根茎类,12.41,云南省,全年,10,True
769,尿素,农资,化肥,98.33,四川省,春季,577,False
770,玉米种子,农资,化肥,76.43,安徽省,夏季,376,False
771,老母鸡,禽肉蛋品,蛋类,23.61,福建省,全年,48,False
772,西瓜,水果,浆果类,22.56,江西省,全年,3,True
773,西瓜,水果,瓜果类,27.74,云南省,春季,23,True
774,柠檬,水果,热带水果,12.05,宁夏回族自治区,冬季,26,True
775,胡萝卜,蔬菜,花菜类,5.76,甘肃省,全年,3,True
776,羊腿,禽肉蛋品,禽肉类,58.42,河南省,秋季,10,True
777,西兰花,蔬菜,茄果类,9.68,吉林省,夏季,22,True
778,橄榄油,粮油,食用油,7.37,山西省,冬季,268,True
779,百香果,水果,浆果类,17.18,湖南省,夏季,6,True
780,软籽石榴,水果,仁果类,16.66,广西壮族自治区,冬季,19,True
781,莲藕,蔬菜,花菜类,8.57,海南省,秋季,7,True
782,李子,水果,瓜果类,8.54,江苏省,春季,17,True
783,叶面肥,农资,化肥,187.14,福建省,全年,454,True
784,生物菌肥,农资,种子,119.74,四川省,秋季,1019,False
785,黄瓜,蔬菜,瓜类,8.69,河北省,冬季,24,True
786,车厘子,水果,仁果类,28.87,四川省,全年,19,True
787,花菜,蔬菜,瓜类,3.41,河北省,秋季,21,True
788,红心柚,水果,浆果类,14.98,黑龙江省,夏季,3,True
789,鹌鹑蛋,禽肉蛋品,禽肉类,12.48,山东省,冬季,29,True
790,蔬菜种子,农资,种子,73.14,福建省,夏季,1095,False
791,小米,粮油,杂粮,14.88,吉林省,冬季,279,True
792,牛腩,禽肉蛋品,禽肉类,20.05,云南省,夏季,25,False
793,鸭肉,禽肉蛋品,禽肉类,44.38,浙江省,秋季,48,True
794,黄桃,水果,仁果类,15.92,辽宁省,夏季,12,True
795,鸭蛋,禽肉蛋品,畜肉类,29.1,广东省,春季,48,True
796,阳光玫瑰,水果,热带水果,13.82,广西壮族自治区,冬季,10,True
797,莲藕,蔬菜,根茎类,6.1,河南省,全年,16,True
798,螺丝椒,蔬菜,豆类,4.69,山西省,春季,26,False
799,猪肉,禽肉蛋品,蛋类,39.0,吉林省,秋季,78,True
800,紫茄子,蔬菜,根茎类,9.58,河南省,全年,27,True
801,生姜,蔬菜,花菜类,2.72,山东省,夏季,21,False
802,土鸡蛋,禽肉蛋品,蛋类,15.76,甘肃省,全年,44,True
803,鸡肉,禽肉蛋品,蛋类,53.63,甘肃省,秋季,79,False
804,樱桃谷鸭,禽肉蛋品,畜肉类,25.9,青海省,春季,81,True
805,水稻种子,农资,农药,65.9,海南省,秋季,927,False
806,梨,水果,浆果类,26.25,广东省,春季,10,True
807,牛肉,禽肉蛋品,禽肉类,27.91,山西省,冬季,62,True
808,猪肉,禽肉蛋品,蛋类,36.88,湖南省,秋季,60,True
809,冲施肥,农资,农药,23.63,四川省,春季,512,False
810,红薯,蔬菜,茄果类,3.35,河南省,冬季,30,True
811,红薯粉,粮油,面粉,43.21,广西壮族自治区,全年,640,True
812,蓝莓,水果,热带水果,18.6,四川省,夏季,25,True
813,西兰花,蔬菜,豆类,1.95,辽宁省,春季,21,True
814,白萝卜,蔬菜,根茎类,10.82,西藏自治区,夏季,26,True
815,百菌清,农资,农膜,24.86,贵州省,全年,455,True
816,牛腱子,禽肉蛋品,畜肉类,43.57,河南省,全年,81,True
817,西瓜,水果,热带水果,3.29,北京市,冬季,19,False
818,乌鸡,禽肉蛋品,禽肉类,57.95,辽宁省,秋季,44,True
819,猪蹄,禽肉蛋品,畜肉类,45.8,福建省,全年,40,True
820,西红柿,蔬菜,豆类,10.36,山东省,秋季,28,True
821,水蜜桃,水果,仁果类,16.65,江苏省,秋季,11,True
822,大樱桃,水果,仁果类,6.01,重庆市,夏季,21,True
823,鸭肉,禽肉蛋品,蛋类,48.69,河北省,夏季,69,True
824,娃娃菜,蔬菜,瓜类,14.56,河南省,全年,29,True
825,马铃薯,蔬菜,根茎类,10.42,湖北省,夏季,9,True
826,籼米,粮油,食用油,66.46,北京市,春季,351,True
827,莲藕,蔬菜,花菜类,11.66,西藏自治区,全年,10,True
828,红豆,粮油,食用油,44.78,江苏省,冬季,192,True
829,玉米,粮油,食用油,44.77,西藏自治区,春季,279,False
830,鸽子肉,禽肉蛋品,禽肉类,55.74,内蒙古自治区,秋季,49,True
831,花生油,粮油,杂粮,62.99,广西壮族自治区,夏季,379,True
832,鹅蛋,禽肉蛋品,禽肉类,8.55,黑龙江省,春季,15,True
833,猕猴桃,水果,瓜果类,12.49,广西壮族自治区,秋季,11,True
834,丑橘,水果,仁果类,19.04,西藏自治区,夏季,22,True
835,黑米,粮油,大米,50.35,海南省,冬季,369,False
836,老母鸡,禽肉蛋品,禽肉类,42.34,广西壮族自治区,春季,88,True
837,小麦种子,农资,种子,40.77,河北省,春季,648,False
838,螺丝椒,蔬菜,叶菜类,14.4,河北省,秋季,8,True
839,黄瓜,蔬菜,豆类,3.91,江西省,冬季,6,True
840,玉米面,粮油,大米,38.12,青海省,秋季,285,True
841,枇杷,水果,浆果类,15.04,北京市,冬季,7,True
842,赣南脐橙,水果,瓜果类,10.19,江西省,秋季,15,True
843,茭白,蔬菜,根茎类,6.95,陕西省,春季,20,True
844,豆角,蔬菜,根茎类,9.16,广东省,秋季,13,True
845,大蒜,蔬菜,花菜类,6.43,河南省,秋季,5,True
846,玉米油,粮油,面粉,46.59,浙江省,冬季,375,True
847,芹菜,蔬菜,花菜类,6.35,山西省,春季,23,True
848,赣南脐橙,水果,柑橘类,22.43,四川省,全年,10,True
849,杏子,水果,瓜果类,16.49,福建省,冬季,3,True
850,枇杷,水果,仁果类,6.19,江西省,全年,17,False
851,防虫网,农资,农药,120.08,重庆市,春季,402,False
852,小白菜,蔬菜,根茎类,13.89,青海省,春季,10,True
853,石榴,水果,瓜果类,27.43,山东省,春季,17,True
854,糯米,粮油,大米,42.29,广东省,全年,405,True
855,西瓜,水果,瓜果类,13.85,甘肃省,春季,24,True
856,草莓,水果,仁果类,7.68,吉林省,春季,6,True
857,高筋面粉,粮油,食用油,17.38,黑龙江省,夏季,221,True
858,玉米,粮油,面粉,70.97,四川省,春季,186,True
859,甲基硫菌灵,农资,农膜,163.41,山西省,冬季,1073,True
860,车厘子,水果,热带水果,14.12,广西壮族自治区,夏季,22,True
861,牛腩,禽肉蛋品,禽肉类,57.42,内蒙古自治区,秋季,51,True
862,鸡肉,禽肉蛋品,蛋类,58.79,贵州省,全年,53,False
863,大棚膜,农资,农药,156.36,广西壮族自治区,夏季,648,True
864,贵妃芒,水果,瓜果类,29.15,海南省,冬季,18,True
865,洋鸡蛋,禽肉蛋品,蛋类,26.94,新疆维吾尔自治区,夏季,62,True
866,鹌鹑肉,禽肉蛋品,禽肉类,13.43,山东省,春季,75,True
867,黄豆,粮油,大米,72.13,河南省,冬季,513,True
868,芝麻油,粮油,面粉,13.26,北京市,夏季,280,True
869,黄瓜,蔬菜,根茎类,4.48,宁夏回族自治区,冬季,21,True
870,水溶肥,农资,农药,125.79,青海省,夏季,761,True
871,黄瓜,蔬菜,花菜类,14.67,辽宁省,夏季,13,True
872,洋鸡蛋,禽肉蛋品,禽肉类,13.78,江苏省,冬季,65,True
873,荞麦面,粮油,食用油,16.76,内蒙古自治区,全年,354,True
874,土鸡,禽肉蛋品,蛋类,52.56,陕西省,冬季,34,True
875,大豆油,粮油,大米,37.11,重庆市,夏季,433,True
876,鹌鹑肉,禽肉蛋品,畜肉类,15.75,西藏自治区,全年,7,True
877,黄桃,水果,瓜果类,16.61,北京市,冬季,19,True
878,黄小米,粮油,杂粮,23.04,云南省,全年,192,True
879,水果黄瓜,蔬菜,茄果类,5.49,辽宁省,春季,3,True
880,四季豆,蔬菜,根茎类,9.2,海南省,全年,3,False
881,香菜,蔬菜,花菜类,4.0,江西省,秋季,23,True
882,鸽子肉,禽肉蛋品,畜肉类,28.01,河南省,秋季,74,True
883,南瓜,蔬菜,花菜类,9.77,西藏自治区,全年,28,True
884,猪蹄,禽肉蛋品,禽肉类,56.48,重庆市,全年,53,False
885,哈密瓜,水果,核果类,4.1,内蒙古自治区,秋季,8,True
886,玉米面,粮油,面粉,22.9,安徽省,春季,669,False
887,玉米面,粮油,面粉,31.45,安徽省,秋季,695,True
888,沃柑,水果,浆果类,15.22,辽宁省,全年,19,True
889,西兰花,蔬菜,花菜类,8.69,天津市,秋季,17,True
890,糯米,粮油,面粉,71.3,宁夏回族自治区,春季,262,True
891,沃柑,水果,仁果类,10.45,浙江省,夏季,18,True
892,香蕉,水果,仁果类,14.25,福建省,全年,7,True
893,荷兰豆,蔬菜,花菜类,5.44,四川省,春季,3,False
894,李子,水果,瓜果类,14.12,安徽省,秋季,23,True
895,白萝卜,蔬菜,花菜类,8.66,山西省,全年,17,True
896,鹌鹑肉,禽肉蛋品,禽肉类,49.04,浙江省,夏季,68,True
897,砂糖橘,水果,柑橘类,10.68,辽宁省,夏季,22,False
898,玉米油,粮油,面粉,67.95,浙江省,夏季,345,True
899,巨峰葡萄,水果,热带水果,14.9,江苏省,秋季,8,True
900,芝麻油,粮油,食用油,32.97,江苏省,全年,346,True
901,烟台苹果,水果,核果类,16.48,青海省,夏季,17,False
902,青提,水果,热带水果,11.94,贵州省,秋季,18,False
903,水溶肥,农资,农膜,140.94,安徽省,冬季,406,True
904,三黄鸡,禽肉蛋品,蛋类,40.11,江西省,夏季,64,True
905,青萝卜,蔬菜,花菜类,9.38,湖南省,夏季,28,False
906,烟台苹果,水果,仁果类,25.94,黑龙江省,春季,19,True
907,青萝卜,蔬菜,豆类,14.24,贵州省,秋季,15,True
908,莠去津,农资,农膜,12.32,辽宁省,秋季,724,True
909,花菜,蔬菜,叶菜类,11.33,湖南省,冬季,26,False
910,玉米油,粮油,面粉,59.6,上海市,冬季,604,True
911,乌鸡蛋,禽肉蛋品,蛋类,23.77,湖南省,全年,49,True
912,烟嘧磺隆,农资,化肥,87.8,四川省,秋季,789,True
913,胡萝卜,蔬菜,茄果类,4.01,湖南省,冬季,12,True
914,阳光玫瑰,水果,热带水果,16.34,福建省,冬季,10,True
915,大樱桃,水果,浆果类,20.29,西藏自治区,冬季,6,True
916,玉米种子,农资,农药,182.29,云南省,夏季,394,True
917,沃柑,水果,热带水果,12.77,重庆市,冬季,21,True
918,荔枝,水果,核果类,25.09,山西省,秋季,19,True
919,大樱桃,水果,柑橘类,4.58,吉林省,秋季,17,False
920,小台芒,水果,仁果类,12.75,河北省,秋季,4,True
921,生菜,蔬菜,豆类,11.85,湖南省,夏季,27,True
922,芝麻油,粮油,食用油,68.37,天津市,秋季,457,True
923,鹌鹑蛋,禽肉蛋品,畜肉类,26.28,吉林省,夏季,8,True
924,水蜜桃,水果,核果类,27.86,安徽省,夏季,6,True
925,黄瓜,蔬菜,豆类,10.81,内蒙古自治区,全年,30,True
926,羊排,禽肉蛋品,蛋类,31.95,陕西省,春季,21,False
927,农膜,农资,种子,141.3,福建省,夏季,817,False
928,羊排,禽肉蛋品,禽肉类,44.91,浙江省,春季,22,True
929,水溶肥,农资,农药,33.82,福建省,夏季,445,True
930,黑米,粮油,大米,63.1,四川省,冬季,223,True
931,凤梨,水果,热带水果,4.6,吉林省,春季,11,True
932,大白菜,蔬菜,叶菜类,3.17,上海市,全年,9,True
933,凤梨,水果,浆果类,5.45,四川省,秋季,21,True
934,油桃,水果,瓜果类,9.53,内蒙古自治区,全年,5,True
935,土鸡蛋,禽肉蛋品,畜肉类,45.22,湖南省,秋季,28,False
936,豌豆,蔬菜,叶菜类,4.39,青海省,全年,30,True
937,白萝卜,蔬菜,茄果类,10.59,广西壮族自治区,春季,8,True
938,小麦种子,农资,农药,53.24,贵州省,春季,686,True
939,芒果,水果,核果类,12.75,北京市,秋季,20,True
940,水蜜桃,水果,仁果类,10.66,江西省,全年,26,True
941,蔬菜种子,农资,农药,87.38,黑龙江省,冬季,558,False
942,农膜,农资,种子,12.43,浙江省,冬季,1053,True
943,大葱,蔬菜,花菜类,3.11,河南省,冬季,15,True
944,吡虫啉,农资,化肥,195.29,辽宁省,秋季,570,True
945,叶面肥,农资,农药,90.69,天津市,冬季,650,False
946,大豆油,粮油,杂粮,40.69,辽宁省,全年,594,False
947,番茄,蔬菜,根茎类,3.15,广东省,冬季,18,True
948,复合肥,农资,化肥,20.04,重庆市,春季,875,False
949,烟嘧磺隆,农资,种子,67.52,江苏省,全年,463,False
950,五花肉,禽肉蛋品,禽肉类,32.23,上海市,秋季,70,True
951,西瓜,水果,热带水果,3.48,黑龙江省,春季,16,False
952,百香果,水果,浆果类,13.16,海南省,冬季,4,True
953,鸽子肉,禽肉蛋品,禽肉类,44.72,宁夏回族自治区,冬季,62,True
954,黄豆,粮油,大米,55.63,吉林省,全年,661,True
955,大棚膜,农资,化肥,60.04,江西省,全年,751,False
956,茄子,蔬菜,瓜类,1.88,山东省,春季,7,True
957,荷兰豆,蔬菜,豆类,11.83,四川省,秋季,15,True
958,小米辣,蔬菜,根茎类,2.26,辽宁省,夏季,10,True
959,油麦菜,蔬菜,花菜类,13.23,河南省,春季,13,True
960,娃娃菜,蔬菜,根茎类,13.16,甘肃省,全年,19,False
961,龙眼,水果,核果类,3.6,吉林省,秋季,15,True
962,芹菜,蔬菜,根茎类,10.83,广东省,夏季,13,True
963,葵花籽油,粮油,面粉,27.46,内蒙古自治区,冬季,386,True
964,糯米,粮油,面粉,24.89,福建省,秋季,591,False
965,乌鸡蛋,禽肉蛋品,畜肉类,38.07,海南省,全年,50,True
966,五花肉,禽肉蛋品,禽肉类,18.91,陕西省,春季,90,False
967,紫茄子,蔬菜,根茎类,8.79,甘肃省,夏季,16,True
968,鹅肉,禽肉蛋品,畜肉类,36.47,北京市,春季,87,True
969,地膜,农资,农药,192.8,甘肃省,冬季,639,False
970,洋葱,蔬菜,根茎类,9.14,青海省,春季,19,True
971,苦瓜,蔬菜,茄果类,10.75,重庆市,秋季,30,True
972,生菜,蔬菜,花菜类,12.92,湖南省,秋季,29,True
973,荔枝,水果,热带水果,13.96,湖北省,春季,7,True
974,阳光玫瑰,水果,核果类,18.12,云南省,冬季,16,True
975,小台芒,水果,浆果类,3.79,江苏省,秋季,24,True
976,洋鸡蛋,禽肉蛋品,畜肉类,48.68,云南省,春季,17,True
977,沃柑,水果,核果类,12.81,宁夏回族自治区,春季,15,False
978,紫米,粮油,面粉,47.82,广东省,全年,303,True
979,花生油,粮油,杂粮,11.77,宁夏回族自治区,全年,305,False
980,白萝卜,蔬菜,花菜类,12.38,江西省,夏季,16,True
981,草莓,水果,浆果类,14.03,广西壮族自治区,全年,4,True
982,韭菜,蔬菜,瓜类,7.22,黑龙江省,夏季,11,False
983,莠去津,农资,农膜,79.87,山西省,秋季,386,False
984,磷酸二铵,农资,化肥,184.32,山西省,夏季,624,True
985,豆角,蔬菜,瓜类,12.47,宁夏回族自治区,春季,20,False
986,烟嘧磺隆,农资,化肥,192.54,青海省,秋季,673,True
987,菜籽油,粮油,食用油,69.46,湖南省,夏季,629,True
988,玉米种子,农资,化肥,174.62,河北省,冬季,847,False
989,草铵膦,农资,农膜,184.52,宁夏回族自治区,春季,529,False
990,小米辣,蔬菜,根茎类,11.34,内蒙古自治区,全年,26,True
991,羊排,禽肉蛋品,蛋类,41.36,新疆维吾尔自治区,冬季,89,True
992,大蒜,蔬菜,瓜类,9.27,安徽省,春季,8,True
993,紫米,粮油,杂粮,75.46,上海市,冬季,669,False
994,石榴,水果,瓜果类,25.32,吉林省,秋季,9,True
995,土豆,蔬菜,根茎类,12.77,西藏自治区,全年,10,True
996,梨,水果,瓜果类,19.92,内蒙古自治区,春季,17,True
997,高筋面粉,粮油,大米,51.35,江西省,全年,446,True
998,吡虫啉,农资,化肥,146.53,四川省,冬季,829,False
999,丝瓜,蔬菜,花菜类,4.07,湖南省,秋季,12,True
1000,红薯,蔬菜,茄果类,4.41,内蒙古自治区,秋季,26,True
1001,马铃薯,蔬菜,茄果类,5.42,四川省,秋季,10,True
1002,莠去津,农资,农膜,11.96,河南省,夏季,696,False
1003,水果黄瓜,蔬菜,花菜类,11.06,江西省,全年,11,True
1004,洋鸡蛋,禽肉蛋品,禽肉类,20.21,青海省,秋季,84,False
1005,磷酸二铵,农资,化肥,105.86,河北省,冬季,674,False
1006,鸭蛋,禽肉蛋品,畜肉类,38.19,山东省,秋季,28,True
1007,水果苗木,农资,农药,70.29,河南省,全年,808,True
1008,赣南脐橙,水果,柑橘类,26.54,云南省,秋季,26,True
1009,冬瓜,蔬菜,豆类,11.78,天津市,秋季,19,True
1010,草甘膦,农资,农膜,190.51,北京市,全年,1038,False
1011,黄瓜,蔬菜,茄果类,4.6,山东省,春季,18,True
1012,红薯粉,粮油,大米,74.54,宁夏回族自治区,春季,632,True
1013,黄豆,粮油,杂粮,13.44,云南省,夏季,306,True
1014,葡萄,水果,柑橘类,7.54,天津市,全年,29,True
1015,甲维盐,农资,化肥,155.7,贵州省,夏季,791,False
1016,水蜜桃,水果,瓜果类,26.96,广东省,春季,12,True
1017,老鸭,禽肉蛋品,禽肉类,56.32,吉林省,春季,48,True
1018,杨梅,水果,瓜果类,15.26,云南省,秋季,22,True
1019,娃娃菜,蔬菜,花菜类,14.34,内蒙古自治区,秋季,26,False
1020,冲施肥,农资,农药,19.25,海南省,秋季,695,False
1021,玉米,粮油,大米,24.14,江西省,夏季,588,True
1022,吡虫啉,农资,农膜,86.46,北京市,夏季,488,True
1023,橄榄油,粮油,面粉,54.91,辽宁省,秋季,704,True
1024,彩椒,蔬菜,根茎类,9.1,河北省,冬季,5,True
1025,低筋面粉,粮油,杂粮,36.95,新疆维吾尔自治区,春季,705,True
1026,丝瓜,蔬菜,花菜类,11.13,甘肃省,冬季,19,True
1027,茄子,蔬菜,根茎类,2.57,陕西省,冬季,12,True
1028,阳光玫瑰,水果,柑橘类,14.55,贵州省,全年,4,True
1029,大棚膜,农资,化肥,90.73,贵州省,春季,840,False
1030,老母鸡,禽肉蛋品,禽肉类,38.45,河北省,全年,9,True
1031,鹅蛋,禽肉蛋品,蛋类,28.43,天津市,春季,60,False
1032,雪梨,水果,瓜果类,23.45,广西壮族自治区,冬季,22,True
1033,圣女果,蔬菜,茄果类,2.56,浙江省,全年,11,False
1034,杏子,水果,仁果类,13.66,四川省,春季,8,True
1035,土豆,蔬菜,花菜类,11.55,西藏自治区,冬季,12,True
1036,莠去津,农资,农膜,67.5,上海市,夏季,503,True
1037,烟台苹果,水果,瓜果类,26.19,湖南省,夏季,18,True
1038,樱桃谷鸭,禽肉蛋品,畜肉类,49.08,海南省,夏季,18,True
1039,莲藕,蔬菜,根茎类,3.07,四川省,夏季,26,True
1040,农膜,农资,化肥,95.41,海南省,夏季,571,True
1041,甜玉米,粮油,大米,5.59,安徽省,冬季,605,False
1042,玉米油,粮油,大米,34.98,云南省,全年,679,True
1043,烟台苹果,水果,核果类,11.53,吉林省,春季,11,False
1044,莲藕,蔬菜,叶菜类,9.91,云南省,秋季,17,True
1045,葡萄,水果,瓜果类,15.67,湖南省,冬季,10,True
1046,牛腱子,禽肉蛋品,禽肉类,39.31,青海省,冬季,23,False
1047,玉米,粮油,杂粮,75.59,天津市,秋季,663,False
1048,玉米面,粮油,食用油,61.19,山西省,冬季,312,True
1049,水蜜桃,水果,仁果类,14.23,上海市,冬季,12,True
1050,土鸡蛋,禽肉蛋品,禽肉类,21.56,宁夏回族自治区,夏季,29,False
1051,磷酸二铵,农资,化肥,91.82,安徽省,全年,597,True
1052,大樱桃,水果,浆果类,12.59,上海市,春季,27,False
1053,贵妃芒,水果,瓜果类,16.92,海南省,春季,25,True
1054,水果苗木,农资,化肥,158.51,广东省,全年,469,False
1055,猕猴桃,水果,柑橘类,6.19,新疆维吾尔自治区,夏季,14,True
1056,百香果,水果,热带水果,22.78,云南省,春季,7,True
1057,香菜,蔬菜,叶菜类,4.23,海南省,冬季,27,True
1058,黄桃,水果,浆果类,16.64,福建省,春季,11,True
1059,核桃油,粮油,面粉,61.49,江苏省,全年,611,False
1060,蓝莓,水果,核果类,14.05,青海省,冬季,30,True
1061,土鸡蛋,禽肉蛋品,禽肉类,48.05,江苏省,全年,15,True
1062,西红柿,蔬菜,根茎类,6.81,山东省,春季,24,False
1063,皇冠梨,水果,仁果类,29.46,新疆维吾尔自治区,全年,12,True
1064,戊唑醇,农资,种子,75.39,青海省,秋季,905,False
1065,火龙果,水果,核果类,8.54,新疆维吾尔自治区,全年,22,True
1066,牛腩,禽肉蛋品,禽肉类,50.22,宁夏回族自治区,冬季,32,False
1067,杏子,水果,浆果类,22.58,江西省,夏季,19,False
1068,丑橘,水果,热带水果,11.43,黑龙江省,秋季,27,True
1069,杏子,水果,热带水果,9.52,河北省,秋季,26,True
1070,豌豆,蔬菜,叶菜类,6.54,天津市,全年,14,True
1071,黑米,粮油,杂粮,47.93,福建省,春季,644,True
1072,青提,水果,热带水果,22.3,吉林省,全年,30,True
1073,茄子,蔬菜,花菜类,12.5,上海市,全年,24,True
1074,荷兰豆,蔬菜,茄果类,5.93,广东省,全年,9,True
1075,芹菜,蔬菜,茄果类,7.25,山西省,冬季,5,True
1076,香菜,蔬菜,根茎类,7.52,湖南省,秋季,24,True
1077,五花肉,禽肉蛋品,禽肉类,21.71,海南省,冬季,88,True
1078,茭白,蔬菜,花菜类,12.62,陕西省,夏季,19,True
1079,紫米,粮油,大米,20.95,山西省,冬季,213,False
1080,莠去津,农资,化肥,171.94,内蒙古自治区,春季,488,True
1081,李子,水果,柑橘类,13.03,广东省,秋季,12,True
1082,贵妃芒,水果,柑橘类,18.92,上海市,春季,12,False
1083,青提,水果,核果类,6.3,四川省,秋季,5,False
1084,胡萝卜,蔬菜,瓜类,7.61,吉林省,秋季,28,True
1085,紫米,粮油,面粉,52.73,贵州省,冬季,639,True
1086,小米,粮油,杂粮,22.46,江西省,冬季,527,True
1087,蔬菜种子,农资,种子,26.82,新疆维吾尔自治区,夏季,1089,True
1088,羊排,禽肉蛋品,畜肉类,37.17,福建省,春季,89,True
1089,红心柚,水果,热带水果,23.46,吉林省,全年,19,True
1090,小白菜,蔬菜,叶菜类,14.14,甘肃省,夏季,3,True
1091,杨梅,水果,热带水果,5.29,广西壮族自治区,全年,22,True
1092,猪肉,禽肉蛋品,蛋类,30.72,安徽省,冬季,10,False
1093,冬瓜,蔬菜,叶菜类,14.73,广东省,全年,8,True
1094,丑橘,水果,柑橘类,28.71,福建省,夏季,4,True
1095,小白菜,蔬菜,花菜类,5.52,山东省,春季,13,True
1096,代森锰锌,农资,农膜,167.27,西藏自治区,春季,418,True
1097,菜籽油,粮油,杂粮,61.43,贵州省,冬季,297,True
1098,花菜,蔬菜,根茎类,8.04,河南省,冬季,23,True
1099,百菌清,农资,化肥,154.97,湖北省,夏季,676,True
1100,大蒜,蔬菜,豆类,12.07,湖南省,夏季,14,True
1101,樱桃,水果,热带水果,14.44,西藏自治区,全年,17,True
1102,玉米油,粮油,面粉,9.51,四川省,冬季,459,True
1103,玉米,粮油,食用油,52.42,天津市,全年,702,True
1104,杏子,水果,热带水果,11.12,河南省,冬季,25,True
1105,梨,水果,浆果类,14.66,宁夏回族自治区,全年,19,False
1106,小葱,蔬菜,瓜类,5.03,新疆维吾尔自治区,冬季,11,True
1107,草铵膦,农资,农药,192.21,广西壮族自治区,秋季,381,False
1108,红富士苹果,水果,热带水果,3.12,云南省,春季,24,True
1109,牛腩,禽肉蛋品,畜肉类,47.65,云南省,全年,17,False
1110,乌鸡蛋,禽肉蛋品,畜肉类,54.41,四川省,冬季,22,True
1111,亚麻籽油,粮油,杂粮,67.94,浙江省,春季,307,True
1112,蔬菜种子,农资,化肥,151.2,湖北省,秋季,1061,False
1113,油麦菜,蔬菜,豆类,5.59,新疆维吾尔自治区,夏季,10,False
1114,磷酸二铵,农资,种子,181.86,云南省,全年,579,True
1115,水稻种子,农资,化肥,62.7,海南省,全年,870,True
1116,青提,水果,热带水果,21.42,甘肃省,全年,8,True
1117,沃柑,水果,柑橘类,28.21,河北省,夏季,19,True
1118,荔枝,水果,仁果类,21.3,山西省,全年,11,True
1119,尿素,农资,农膜,137.89,新疆维吾尔自治区,春季,695,True
1120,百菌清,农资,化肥,108.48,甘肃省,冬季,735,True
1121,枇杷,水果,柑橘类,10.5,山东省,冬季,20,True
1122,软籽石榴,水果,浆果类,26.76,河南省,春季,26,True
1123,乌鸡蛋,禽肉蛋品,蛋类,16.55,湖南省,秋季,15,True
1124,黄桃,水果,核果类,3.65,上海市,秋季,29,True
1125,樱桃,水果,浆果类,4.47,天津市,秋季,19,True
1126,蔬菜种子,农资,化肥,94.83,新疆维吾尔自治区,春季,452,False
1127,烟嘧磺隆,农资,种子,171.06,宁夏回族自治区,春季,495,True
1128,籼米,粮油,食用油,51.96,内蒙古自治区,春季,284,True
1129,三黄鸡,禽肉蛋品,禽肉类,12.98,江西省,冬季,36,False
1130,五常大米,粮油,杂粮,39.82,江西省,冬季,283,True
1131,复合肥,农资,农膜,72.36,贵州省,夏季,475,True
1132,乌鸡蛋,禽肉蛋品,畜肉类,51.72,上海市,全年,23,True
1133,红心火龙果,水果,核果类,19.76,重庆市,夏季,10,True
1134,芒果,水果,浆果类,14.77,吉林省,秋季,12,True
1135,番茄,蔬菜,茄果类,5.67,云南省,秋季,12,True
1136,雪梨,水果,瓜果类,6.9,甘肃省,夏季,19,True
1137,洋鸡蛋,禽肉蛋品,禽肉类,18.16,辽宁省,夏季,88,False
1138,葵花籽油,粮油,面粉,40.68,甘肃省,冬季,519,False
1139,乌鸡,禽肉蛋品,畜肉类,29.77,福建省,夏季,20,True
1140,泰国香米,粮油,杂粮,74.0,湖北省,夏季,415,True
1141,黄桃,水果,瓜果类,28.72,北京市,秋季,28,True
1142,石榴,水果,仁果类,3.27,辽宁省,秋季,3,True
1143,百香果,水果,柑橘类,18.81,新疆维吾尔自治区,秋季,4,False
1144,葡萄,水果,柑橘类,26.91,湖北省,夏季,13,True
1145,软籽石榴,水果,仁果类,25.76,浙江省,春季,3,True
1146,菠萝,水果,仁果类,28.28,安徽省,秋季,17,True
1147,高筋面粉,粮油,杂粮,58.32,宁夏回族自治区,春季,327,False
1148,软籽石榴,水果,柑橘类,13.21,黑龙江省,秋季,13,True
1149,多菌灵,农资,化肥,127.05,北京市,夏季,913,True
1150,樱桃,水果,仁果类,24.48,新疆维吾尔自治区,夏季,30,True
1151,猪肉,禽肉蛋品,蛋类,12.23,重庆市,冬季,85,True
1152,生姜,蔬菜,豆类,8.23,辽宁省,冬季,8,True
1153,豆角,蔬菜,根茎类,14.4,山西省,冬季,11,True
1154,羊腿,禽肉蛋品,畜肉类,9.9,新疆维吾尔自治区,夏季,32,True
1155,草莓,水果,浆果类,27.0,陕西省,全年,8,False
1156,花菜,蔬菜,叶菜类,11.65,江苏省,秋季,17,True
1157,赣南脐橙,水果,核果类,19.77,贵州省,冬季,17,True
1158,茭白,蔬菜,瓜类,6.66,河北省,夏季,17,True
1159,鸭肉,禽肉蛋品,蛋类,51.82,福建省,全年,76,True
1160,荞麦面,粮油,大米,10.35,广东省,春季,385,True
1161,老母鸡,禽肉蛋品,禽肉类,50.41,重庆市,秋季,31,True
1162,防虫网,农资,种子,156.31,四川省,秋季,719,False
1163,土豆,蔬菜,豆类,10.35,北京市,冬季,23,True
1164,面粉,粮油,杂粮,22.02,湖北省,夏季,665,True
1165,里脊肉,禽肉蛋品,禽肉类,50.35,重庆市,秋季,17,True
1166,龙眼,水果,核果类,14.84,湖南省,全年,3,True
1167,鸭蛋,禽肉蛋品,禽肉类,46.37,西藏自治区,冬季,52,True
1168,小葱,蔬菜,根茎类,12.01,北京市,全年,12,True
1169,赣南脐橙,水果,柑橘类,29.39,江苏省,秋季,21,True
1170,猪蹄,禽肉蛋品,畜肉类,28.33,海南省,冬季,33,False
1171,香瓜,水果,柑橘类,5.93,云南省,全年,17,True
1172,西红柿,蔬菜,叶菜类,8.96,甘肃省,春季,29,True
1173,圣女果,蔬菜,茄果类,13.8,河南省,冬季,12,True
1174,李子,水果,仁果类,4.55,广西壮族自治区,全年,3,True
1175,玉米种子,农资,农膜,198.02,浙江省,夏季,914,True
1176,玉米,粮油,面粉,70.28,江苏省,秋季,622,False
1177,鹅蛋,禽肉蛋品,畜肉类,56.84,吉林省,全年,32,True
1178,老母鸡,禽肉蛋品,蛋类,59.54,四川省,冬季,15,False
1179,土鸡,禽肉蛋品,畜肉类,55.34,安徽省,冬季,65,True
1180,丑橘,水果,浆果类,26.79,新疆维吾尔自治区,冬季,14,True
1181,橄榄油,粮油,杂粮,66.76,内蒙古自治区,夏季,605,True
1182,小麦种子,农资,农膜,183.06,江西省,夏季,1080,True
1183,娃娃菜,蔬菜,茄果类,13.25,宁夏回族自治区,秋季,23,True
1184,乌鸡蛋,禽肉蛋品,畜肉类,45.57,重庆市,夏季,70,True
1185,黑米,粮油,食用油,61.65,河南省,全年,513,True
1186,草莓,水果,热带水果,15.48,山东省,春季,23,True
1187,玉米,粮油,食用油,34.95,重庆市,夏季,586,True
1188,杨梅,水果,柑橘类,21.1,安徽省,冬季,18,True
1189,凤梨,水果,柑橘类,28.65,山西省,夏季,18,True
1190,高筋面粉,粮油,大米,12.54,内蒙古自治区,秋季,307,True
1191,生菜,蔬菜,花菜类,1.65,北京市,秋季,7,True
1192,杨梅,水果,仁果类,21.23,宁夏回族自治区,夏季,17,True
1193,黄小米,粮油,杂粮,28.12,山西省,春季,184,True
1194,黄瓜,蔬菜,茄果类,13.77,辽宁省,夏季,5,True
1195,红富士苹果,水果,浆果类,8.19,天津市,春季,10,False
1196,凤梨,水果,柑橘类,7.51,重庆市,冬季,19,True
1197,花菜,蔬菜,花菜类,9.93,湖南省,全年,15,False
1198,草莓,水果,仁果类,11.73,辽宁省,春季,15,True
1199,草莓,水果,核果类,4.78,湖北省,秋季,23,True
1200,草莓,水果,核果类,23.72,福建省,冬季,6,True
1201,高筋面粉,粮油,食用油,12.11,西藏自治区,秋季,577,True
1202,冲施肥,农资,种子,130.72,浙江省,秋季,1047,True
1203,青萝卜,蔬菜,豆类,6.66,广西壮族自治区,夏季,19,True
1204,氯虫苯甲酰胺,农资,化肥,154.2,内蒙古自治区,春季,681,True
1205,苦瓜,蔬菜,豆类,2.31,河南省,秋季,18,True
1206,草莓,水果,瓜果类,9.43,山东省,全年,17,True
1207,南瓜,蔬菜,瓜类,12.12,新疆维吾尔自治区,春季,19,True
1208,茄子,蔬菜,叶菜类,12.93,湖北省,秋季,13,True
1209,大葱,蔬菜,茄果类,10.78,上海市,夏季,22,False
1210,圣女果,蔬菜,根茎类,1.58,新疆维吾尔自治区,冬季,5,False
1211,贵妃芒,水果,柑橘类,5.48,江苏省,全年,20,True
1212,多菌灵,农资,化肥,147.75,陕西省,秋季,533,False
1213,石榴,水果,热带水果,11.18,湖北省,全年,17,False
1214,黄桃,水果,仁果类,29.26,西藏自治区,冬季,15,True
1215,竹笋,蔬菜,豆类,7.35,重庆市,夏季,29,False
1216,彩椒,蔬菜,根茎类,2.62,海南省,秋季,22,True
1217,鹅蛋,禽肉蛋品,禽肉类,32.11,江西省,冬季,43,True
1218,乌鸡蛋,禽肉蛋品,禽肉类,45.17,江苏省,夏季,26,False
1219,油桃,水果,瓜果类,13.1,重庆市,冬季,16,False
1220,莠去津,农资,农膜,68.48,云南省,全年,437,True
1221,红心猕猴桃,水果,核果类,18.27,青海省,夏季,27,True
1222,红提,水果,瓜果类,16.76,辽宁省,冬季,23,True
1223,牛肉,禽肉蛋品,禽肉类,30.05,青海省,夏季,38,True
1224,莠去津,农资,化肥,136.48,山西省,夏季,632,False
1225,水溶肥,农资,种子,124.41,湖北省,夏季,377,True
1226,杨梅,水果,核果类,22.06,江西省,春季,19,False
1227,吡虫啉,农资,农膜,141.45,河北省,全年,910,False
1228,紫茄子,蔬菜,花菜类,11.66,陕西省,春季,6,True
1229,亚麻籽油,粮油,面粉,61.15,河北省,冬季,495,True
1230,水蜜桃,水果,仁果类,4.89,广东省,冬季,19,True
1231,蓝莓,水果,柑橘类,13.12,浙江省,夏季,9,True
1232,韭菜,蔬菜,根茎类,12.49,吉林省,夏季,9,True
1233,红提,水果,柑橘类,29.54,河北省,冬季,17,True
1234,鸽子肉,禽肉蛋品,畜肉类,12.15,浙江省,春季,55,True
1235,烟台苹果,水果,热带水果,15.9,湖北省,春季,3,True
1236,五常大米,粮油,大米,20.83,广东省,春季,564,True
1237,百菌清,农资,农膜,153.81,云南省,全年,804,True
1238,乌鸡,禽肉蛋品,禽肉类,20.46,天津市,秋季,58,True
1239,麒麟瓜,水果,浆果类,5.7,上海市,冬季,30,True
1240,紫米,粮油,大米,14.22,内蒙古自治区,全年,466,False
1241,菜籽油,粮油,食用油,51.38,广西壮族自治区,冬季,707,True
1242,香蕉,水果,浆果类,20.11,四川省,春季,28,True
1243,土鸡,禽肉蛋品,畜肉类,28.81,云南省,全年,17,True
1244,农膜,农资,化肥,83.12,重庆市,全年,564,False
1245,大棚膜,农资,化肥,104.61,江苏省,春季,673,False
1246,水果苗木,农资,农药,94.79,宁夏回族自治区,春季,858,False
1247,草莓,水果,柑橘类,28.49,北京市,春季,6,True
1248,高筋面粉,粮油,食用油,33.76,宁夏回族自治区,秋季,405,False
1249,鹌鹑肉,禽肉蛋品,畜肉类,42.6,广东省,全年,88,True
1250,龙眼,水果,浆果类,9.04,海南省,全年,27,False
1251,西瓜,水果,核果类,22.37,青海省,冬季,23,True
1252,鸽子肉,禽肉蛋品,禽肉类,20.14,上海市,秋季,21,True
1253,西瓜,水果,瓜果类,28.3,吉林省,春季,21,True
1254,烟嘧磺隆,农资,化肥,21.76,福建省,全年,559,False
1255,草甘膦,农资,种子,139.07,上海市,夏季,897,False
1256,鹌鹑蛋,禽肉蛋品,禽肉类,35.99,四川省,冬季,47,True
1257,氯虫苯甲酰胺,农资,农膜,96.6,甘肃省,全年,655,True
1258,羊腿,禽肉蛋品,畜肉类,39.14,山东省,秋季,71,False
1259,杨梅,水果,热带水果,20.04,云南省,夏季,18,True
1260,氯化钾,农资,种子,167.3,江苏省,夏季,595,False
1261,石榴,水果,核果类,13.58,重庆市,夏季,3,True
1262,小葱,蔬菜,根茎类,11.73,辽宁省,冬季,5,True
1263,龙眼,水果,柑橘类,26.12,山西省,冬季,6,True
1264,籼米,粮油,食用油,54.1,广西壮族自治区,全年,320,True
1265,番茄,蔬菜,茄果类,12.36,湖南省,夏季,26,True
1266,胡萝卜,蔬菜,叶菜类,12.1,甘肃省,夏季,15,False
1267,西红柿,蔬菜,叶菜类,6.3,广东省,冬季,8,False
1268,油桃,水果,瓜果类,19.02,安徽省,夏季,23,True
1269,红心猕猴桃,水果,柑橘类,16.19,江西省,全年,8,True
1270,豆角,蔬菜,花菜类,2.71,甘肃省,冬季,30,True
1271,大蒜,蔬菜,花菜类,6.46,广西壮族自治区,春季,6,True
1272,大葱,蔬菜,豆类,1.81,湖北省,全年,21,True
1273,鹌鹑蛋,禽肉蛋品,畜肉类,27.97,浙江省,冬季,45,True
1274,沃柑,水果,瓜果类,26.28,青海省,全年,8,True
1275,甜玉米,粮油,杂粮,43.92,河南省,全年,307,False
1276,凤梨,水果,仁果类,26.27,浙江省,夏季,3,True
1277,黑米,粮油,大米,48.13,江苏省,夏季,269,True
1278,磷酸二铵,农资,化肥,106.17,广东省,秋季,922,True
1279,尿素,农资,农药,18.77,福建省,全年,665,False
1280,胡萝卜,蔬菜,根茎类,5.72,山西省,秋季,22,True
1281,猕猴桃,水果,瓜果类,4.21,天津市,春季,9,True
1282,甲维盐,农资,农药,114.89,内蒙古自治区,全年,732,True
1283,红薯粉,粮油,大米,24.12,黑龙江省,冬季,347,True
1284,大樱桃,水果,瓜果类,28.39,陕西省,夏季,20,True
1285,老母鸡,禽肉蛋品,畜肉类,41.57,山西省,秋季,79,True
1286,高筋面粉,粮油,杂粮,16.51,天津市,冬季,568,True
1287,乌鸡蛋,禽肉蛋品,禽肉类,35.64,广东省,全年,59,True
1288,鸭肉,禽肉蛋品,禽肉类,22.21,北京市,夏季,42,True
1289,丝瓜,蔬菜,根茎类,2.92,西藏自治区,春季,8,True
1290,地膜,农资,化肥,76.29,贵州省,全年,653,True
1291,鹌鹑肉,禽肉蛋品,蛋类,24.54,浙江省,冬季,30,True
1292,甜玉米,粮油,杂粮,14.57,吉林省,春季,705,False
1293,鸭蛋,禽肉蛋品,禽肉类,46.24,吉林省,春季,88,False
1294,菜籽油,粮油,杂粮,39.33,山西省,冬季,542,False
1295,南瓜,蔬菜,根茎类,14.21,贵州省,夏季,12,True
1296,阳光玫瑰,水果,核果类,11.44,北京市,春季,23,True
1297,小米,粮油,面粉,9.31,吉林省,秋季,684,False
1298,蓝莓,水果,瓜果类,28.18,贵州省,夏季,18,True
1299,牛腱子,禽肉蛋品,畜肉类,14.48,山西省,春季,85,True
1300,五常大米,粮油,杂粮,45.07,山西省,秋季,430,False
1301,兔肉,禽肉蛋品,畜肉类,39.68,甘肃省,全年,64,False
1302,鹌鹑肉,禽肉蛋品,畜肉类,19.7,宁夏回族自治区,春季,53,False
1303,菠菜,蔬菜,根茎类,6.62,云南省,秋季,6,True
1304,兔肉,禽肉蛋品,畜肉类,47.85,海南省,春季,44,True
1305,草莓,水果,仁果类,20.04,重庆市,冬季,9,False
1306,大棚膜,农资,化肥,97.98,青海省,全年,864,True
1307,柠檬,水果,浆果类,12.56,福建省,春季,14,False
1308,麒麟瓜,水果,仁果类,14.63,广东省,夏季,5,True
1309,玉米种子,农资,化肥,102.61,青海省,夏季,1037,True
1310,青椒,蔬菜,瓜类,7.28,辽宁省,夏季,20,True
1311,百香果,水果,瓜果类,14.86,天津市,夏季,14,True
1312,杨梅,水果,柑橘类,8.12,广东省,春季,7,True
1313,泰国香米,粮油,面粉,19.92,甘肃省,冬季,452,True
1314,茭白,蔬菜,花菜类,3.22,山西省,冬季,19,True
1315,玉米,粮油,面粉,76.83,广东省,春季,309,True
1316,小葱,蔬菜,茄果类,10.66,山东省,秋季,16,False
1317,红薯粉,粮油,杂粮,26.17,福建省,春季,619,True
1318,油桃,水果,柑橘类,10.59,湖北省,春季,30,True
1319,红薯粉,粮油,面粉,57.98,云南省,春季,694,True
1320,雪梨,水果,瓜果类,7.02,新疆维吾尔自治区,春季,7,True
1321,软籽石榴,水果,柑橘类,3.48,陕西省,夏季,5,False
1322,芦笋,蔬菜,瓜类,10.05,山西省,夏季,10,True
1323,竹笋,蔬菜,根茎类,2.2,新疆维吾尔自治区,春季,11,True
1324,玉米种子,农资,农药,180.07,安徽省,夏季,406,True
1325,乌鸡,禽肉蛋品,蛋类,32.55,福建省,全年,19,True
1326,水蜜桃,水果,浆果类,11.22,安徽省,春季,24,True
1327,鸽子肉,禽肉蛋品,蛋类,26.75,安徽省,秋季,82,True
1328,生姜,蔬菜,瓜类,9.39,湖南省,春季,6,True
1329,黑米,粮油,大米,77.62,吉林省,夏季,377,False
1330,硫酸钾,农资,种子,147.82,福建省,夏季,911,False
1331,软籽石榴,水果,核果类,22.21,黑龙江省,全年,14,False
1332,四季豆,蔬菜,叶菜类,7.39,青海省,冬季,16,True
1333,复合肥,农资,农药,62.09,内蒙古自治区,夏季,661,True
1334,羊腿,禽肉蛋品,畜肉类,46.52,湖南省,冬季,70,True
1335,硫酸钾,农资,农药,152.64,广西壮族自治区,冬季,940,False
1336,南瓜,蔬菜,茄果类,1.55,浙江省,全年,9,True
1337,油桃,水果,核果类,22.11,贵州省,全年,11,True
1338,杨梅,水果,浆果类,6.22,黑龙江省,夏季,4,True
1339,香蕉,水果,柑橘类,26.86,西藏自治区,夏季,11,False
1340,樱桃,水果,柑橘类,6.14,黑龙江省,秋季,23,True
1341,油麦菜,蔬菜,花菜类,8.92,宁夏回族自治区,夏季,16,False
1342,砂糖橘,水果,瓜果类,3.28,天津市,秋季,10,True
1343,大樱桃,水果,仁果类,20.75,黑龙江省,全年,6,True
1344,牛肉,禽肉蛋品,禽肉类,40.56,海南省,全年,77,True
1345,辣椒,蔬菜,瓜类,9.35,湖南省,冬季,7,True
1346,红薯粉,粮油,食用油,72.66,江苏省,春季,687,True
1347,石榴,水果,柑橘类,16.24,吉林省,夏季,23,True
1348,圣女果,蔬菜,根茎类,9.71,甘肃省,春季,7,True
1349,菠萝,水果,核果类,22.56,广东省,夏季,26,True
1350,猕猴桃,水果,核果类,3.56,江西省,春季,27,True
1351,冲施肥,农资,农药,25.88,北京市,夏季,1007,True
1352,五常大米,粮油,大米,60.21,黑龙江省,秋季,267,True
1353,胡萝卜,蔬菜,根茎类,3.7,天津市,秋季,18,True
1354,龙眼,水果,浆果类,17.68,新疆维吾尔自治区,春季,29,True
1355,芹菜,蔬菜,豆类,12.79,宁夏回族自治区,夏季,3,False
1356,蓝莓,水果,核果类,12.54,江苏省,秋季,10,False
1357,牛腱子,禽肉蛋品,畜肉类,54.88,天津市,冬季,28,False
1358,葡萄,水果,浆果类,19.62,河南省,春季,14,False
1359,磷酸二铵,农资,农药,91.44,浙江省,秋季,979,True
1360,大葱,蔬菜,花菜类,9.93,福建省,秋季,14,False
1361,水蜜桃,水果,瓜果类,28.19,辽宁省,春季,28,True
1362,水溶肥,农资,农药,38.08,安徽省,冬季,854,False
1363,蓝莓,水果,瓜果类,6.91,河北省,秋季,7,True
1364,辣椒,蔬菜,根茎类,8.0,陕西省,冬季,22,True
1365,生姜,蔬菜,茄果类,7.15,江西省,冬季,20,True
1366,丝瓜,蔬菜,根茎类,9.34,河南省,冬季,19,True
1367,羊肉,禽肉蛋品,蛋类,12.54,山西省,秋季,7,True
1368,莠去津,农资,农膜,35.38,西藏自治区,春季,426,False
1369,香菜,蔬菜,瓜类,3.45,广西壮族自治区,全年,16,True
1370,籼米,粮油,面粉,77.15,广东省,夏季,566,False
1371,樱桃谷鸭,禽肉蛋品,禽肉类,44.47,山东省,全年,16,True
1372,鹅蛋,禽肉蛋品,蛋类,26.99,江苏省,春季,38,True
1373,兔肉,禽肉蛋品,禽肉类,47.8,江苏省,冬季,24,True
1374,三黄鸡,禽肉蛋品,禽肉类,45.57,陕西省,冬季,89,True
1375,贵妃芒,水果,仁果类,20.35,宁夏回族自治区,全年,27,True
1376,火龙果,水果,核果类,28.6,甘肃省,冬季,20,True
1377,皇冠梨,水果,热带水果,22.15,福建省,冬季,8,True
1378,香瓜,水果,柑橘类,8.72,重庆市,全年,4,True
1379,青提,水果,热带水果,25.73,内蒙古自治区,冬季,18,True
1380,兔肉,禽肉蛋品,禽肉类,10.84,浙江省,秋季,89,True
1381,猕猴桃,水果,仁果类,19.29,辽宁省,秋季,3,True
1382,猕猴桃,水果,仁果类,19.12,湖南省,秋季,9,True
1383,洋鸡蛋,禽肉蛋品,蛋类,12.42,河北省,全年,79,True
1384,农膜,农资,化肥,69.77,山东省,秋季,373,False
1385,甜玉米,粮油,面粉,61.39,安徽省,秋季,312,False
1386,红心火龙果,水果,瓜果类,5.73,贵州省,夏季,3,True
1387,白萝卜,蔬菜,叶菜类,3.68,福建省,冬季,5,False
1388,杨梅,水果,柑橘类,8.82,宁夏回族自治区,夏季,27,True
1389,大棚膜,农资,种子,159.22,广西壮族自治区,秋季,662,True
1390,小麦种子,农资,化肥,145.42,宁夏回族自治区,冬季,609,True
1391,乌鸡蛋,禽肉蛋品,蛋类,40.65,吉林省,冬季,19,False
1392,阳光玫瑰,水果,热带水果,29.16,海南省,春季,18,True
1393,茄子,蔬菜,茄果类,5.28,河南省,秋季,14,True
1394,柠檬,水果,浆果类,29.42,云南省,冬季,23,False
1395,地膜,农资,化肥,173.21,辽宁省,冬季,783,False
1396,冲施肥,农资,农膜,107.37,辽宁省,全年,686,True
1397,五花肉,禽肉蛋品,禽肉类,53.63,河北省,春季,86,False
1398,樱桃,水果,瓜果类,18.14,天津市,夏季,30,True
1399,胡萝卜,蔬菜,根茎类,2.49,海南省,冬季,30,True
1400,柠檬,水果,核果类,17.45,新疆维吾尔自治区,冬季,6,True
1401,甜玉米,粮油,杂粮,35.11,湖南省,春季,504,True
1402,鸡肉,禽肉蛋品,畜肉类,32.76,重庆市,秋季,65,True
1403,黄桃,水果,柑橘类,8.76,新疆维吾尔自治区,全年,4,False
1404,籼米,粮油,食用油,37.26,上海市,冬季,398,True
1405,小麦种子,农资,种子,130.78,河北省,春季,510,True
1406,紫茄子,蔬菜,花菜类,13.26,广西壮族自治区,全年,9,True
1407,砂糖橘,水果,仁果类,27.34,宁夏回族自治区,秋季,27,True
1408,红心火龙果,水果,核果类,17.46,云南省,夏季,25,True
1409,烟嘧磺隆,农资,化肥,158.78,黑龙江省,全年,568,True
1410,猪蹄,禽肉蛋品,蛋类,42.53,安徽省,秋季,8,True
1411,番茄,蔬菜,根茎类,5.77,海南省,冬季,11,True
1412,百香果,水果,柑橘类,15.13,新疆维吾尔自治区,全年,6,True
1413,全麦面粉,粮油,杂粮,45.96,山西省,夏季,566,True
1414,软籽石榴,水果,瓜果类,28.79,吉林省,秋季,29,True
1415,紫茄子,蔬菜,豆类,13.21,天津市,冬季,23,False
1416,小米辣,蔬菜,瓜类,8.82,天津市,全年,27,True
1417,水果苗木,农资,农膜,43.61,辽宁省,全年,531,True
1418,大葱,蔬菜,花菜类,7.41,甘肃省,秋季,25,True
1419,生物菌肥,农资,化肥,169.07,上海市,春季,1030,True
1420,生物菌肥,农资,农膜,152.83,重庆市,全年,467,False
1421,娃娃菜,蔬菜,花菜类,13.0,福建省,夏季,10,True
1422,鹌鹑蛋,禽肉蛋品,蛋类,32.42,海南省,春季,51,False
1423,玉米种子,农资,农膜,188.53,四川省,夏季,884,True
1424,代森锰锌,农资,种子,181.51,天津市,冬季,1054,True
1425,玉米种子,农资,化肥,14.99,四川省,秋季,896,False
1426,乌鸡,禽肉蛋品,蛋类,37.75,西藏自治区,冬季,37,True
1427,洋葱,蔬菜,花菜类,12.69,江西省,全年,16,True
1428,羊肉,禽肉蛋品,蛋类,55.02,江西省,全年,27,True
1429,芒果,水果,热带水果,20.05,广东省,冬季,29,True
1430,吡虫啉,农资,种子,27.72,湖南省,春季,812,True
1431,面粉,粮油,大米,58.07,内蒙古自治区,春季,571,True
1432,绿豆,粮油,食用油,22.98,浙江省,夏季,484,True
1433,玉米,粮油,食用油,8.88,甘肃省,春季,327,True
1434,排骨,禽肉蛋品,蛋类,31.87,广东省,全年,22,True
1435,石榴,水果,仁果类,16.34,河南省,秋季,29,True
1436,烟台苹果,水果,核果类,16.14,河南省,春季,9,True
1437,辣椒,蔬菜,花菜类,7.59,青海省,夏季,8,True
1438,磷酸二铵,农资,化肥,198.81,安徽省,冬季,993,True
1439,李子,水果,瓜果类,28.02,河北省,夏季,22,True
1440,油桃,水果,柑橘类,26.41,湖南省,春季,9,True
1441,丑橘,水果,瓜果类,28.38,山西省,秋季,11,True
1442,乙草胺,农资,种子,151.59,广西壮族自治区,冬季,811,True
1443,黄瓜,蔬菜,瓜类,4.17,浙江省,秋季,15,True
1444,橄榄油,粮油,面粉,20.44,上海市,冬季,623,False
1445,荷兰豆,蔬菜,瓜类,5.8,天津市,春季,22,True
1446,麒麟瓜,水果,浆果类,20.08,宁夏回族自治区,春季,17,True
1447,油桃,水果,浆果类,14.06,吉林省,全年,29,False
1448,遮阳网,农资,种子,15.69,江西省,夏季,695,True
1449,樱桃,水果,仁果类,20.74,湖南省,秋季,7,True
1450,巨峰葡萄,水果,瓜果类,22.35,四川省,夏季,17,True
1451,丝瓜,蔬菜,豆类,6.71,河南省,全年,9,True
1452,车厘子,水果,瓜果类,28.55,内蒙古自治区,春季,21,False
1453,红薯,蔬菜,瓜类,5.82,天津市,夏季,4,True
1454,南瓜,蔬菜,根茎类,3.18,广东省,夏季,22,True
1455,胡萝卜,蔬菜,叶菜类,1.74,福建省,全年,3,False
1456,火龙果,水果,仁果类,17.4,宁夏回族自治区,全年,4,True
1457,黄桃,水果,仁果类,24.67,天津市,秋季,11,True
1458,油麦菜,蔬菜,豆类,5.73,北京市,全年,4,True
1459,鹅肉,禽肉蛋品,禽肉类,41.34,海南省,春季,54,False
1460,红颜草莓,水果,仁果类,3.28,天津市,春季,13,False
1461,荞麦面,粮油,面粉,19.34,河南省,秋季,185,False
1462,代森锰锌,农资,化肥,19.12,广东省,秋季,441,True
1463,羊腿,禽肉蛋品,禽肉类,44.33,河北省,夏季,81,True
1464,贵妃芒,水果,热带水果,25.95,宁夏回族自治区,冬季,23,True
1465,李子,水果,柑橘类,15.9,吉林省,冬季,11,True
1466,荞麦面,粮油,大米,62.47,河北省,春季,541,True
1467,甲维盐,农资,化肥,194.64,河南省,春季,582,True
1468,香瓜,水果,柑橘类,5.82,云南省,夏季,29,True
1469,辣椒,蔬菜,瓜类,7.63,山西省,夏季,30,True
1470,氯虫苯甲酰胺,农资,种子,195.26,江西省,全年,890,True
1471,生菜,蔬菜,瓜类,3.72,陕西省,秋季,30,True
1472,柠檬,水果,仁果类,5.98,重庆市,春季,17,True
1473,凤梨,水果,热带水果,12.5,广西壮族自治区,春季,20,True
1474,番茄,蔬菜,根茎类,7.32,贵州省,秋季,4,True
1475,菠菜,蔬菜,花菜类,11.38,江西省,冬季,9,True
1476,青萝卜,蔬菜,瓜类,9.7,贵州省,全年,16,True
1477,樱桃,水果,仁果类,6.11,湖北省,春季,21,True
1478,猕猴桃,水果,浆果类,26.83,湖北省,冬季,15,True
1479,龙眼,水果,浆果类,8.55,云南省,夏季,14,True
1480,玉米油,粮油,大米,18.88,广东省,全年,668,False
1481,多菌灵,农资,农药,139.47,安徽省,夏季,556,True
1482,大白菜,蔬菜,花菜类,7.28,云南省,春季,8,False
1483,吡虫啉,农资,化肥,76.91,内蒙古自治区,冬季,962,True
1484,农膜,农资,化肥,165.6,山东省,全年,1061,False
1485,高筋面粉,粮油,面粉,12.04,北京市,秋季,523,True
1486,花生油,粮油,杂粮,32.32,河北省,春季,541,True
1487,芦笋,蔬菜,花菜类,13.18,海南省,全年,18,True
1488,羊肉,禽肉蛋品,畜肉类,15.69,四川省,冬季,35,True
1489,水蜜桃,水果,仁果类,18.59,湖北省,冬季,14,True
1490,香瓜,水果,瓜果类,29.07,广东省,全年,17,False
1491,啶虫脒,农资,种子,139.02,青海省,秋季,765,True
1492,百菌清,农资,种子,17.81,湖南省,全年,1083,True
1493,樱桃谷鸭,禽肉蛋品,禽肉类,58.34,吉林省,秋季,43,True
1494,荔枝,水果,柑橘类,21.38,广西壮族自治区,全年,12,True
1495,三黄鸡,禽肉蛋品,禽肉类,11.36,福建省,秋季,8,True
1496,雪梨,水果,仁果类,16.19,山东省,春季,16,True
1497,籼米,粮油,食用油,31.27,江苏省,秋季,694,True
1498,面粉,粮油,大米,25.3,山西省,夏季,622,True
1499,红颜草莓,水果,仁果类,28.19,云南省,夏季,28,True
1500,土豆,蔬菜,叶菜类,5.03,宁夏回族自治区,秋季,22,True
1501,牛腱子,禽肉蛋品,禽肉类,38.06,上海市,夏季,39,True
1502,三黄鸡,禽肉蛋品,禽肉类,23.46,河南省,冬季,76,True
1503,红薯粉,粮油,大米,44.49,江苏省,秋季,695,False
1504,绿豆,粮油,食用油,39.99,陕西省,冬季,652,True
1505,羊排,禽肉蛋品,禽肉类,47.3,河南省,全年,45,False
1506,鸭肉,禽肉蛋品,蛋类,36.25,内蒙古自治区,全年,44,True
1507,紫米,粮油,杂粮,5.45,甘肃省,全年,651,False
1508,车厘子,水果,瓜果类,12.0,广东省,春季,29,True
1509,螺丝椒,蔬菜,叶菜类,11.5,广东省,全年,26,True
1510,面粉,粮油,杂粮,21.77,江苏省,夏季,488,True
1511,五常大米,粮油,杂粮,56.58,内蒙古自治区,春季,248,True
1512,鹌鹑蛋,禽肉蛋品,畜肉类,20.85,广东省,春季,67,True
1513,土豆,蔬菜,叶菜类,3.14,青海省,冬季,18,False
1514,花生油,粮油,杂粮,54.36,海南省,春季,622,True
1515,贵妃芒,水果,瓜果类,9.5,甘肃省,全年,26,True
1516,黄桃,水果,浆果类,21.02,福建省,全年,18,True
1517,香瓜,水果,瓜果类,5.9,上海市,冬季,29,True
1518,柠檬,水果,仁果类,13.51,吉林省,全年,12,True
1519,牛腱子,禽肉蛋品,畜肉类,10.22,广西壮族自治区,秋季,24,True
1520,大豆油,粮油,大米,31.83,浙江省,全年,395,True
1521,玉米,粮油,大米,54.19,浙江省,秋季,527,True
1522,冲施肥,农资,种子,154.9,上海市,秋季,768,True
1523,红豆,粮油,杂粮,40.38,西藏自治区,夏季,699,False
1524,香菜,蔬菜,花菜类,9.45,安徽省,全年,14,True
1525,糯米,粮油,大米,68.9,四川省,夏季,417,True
1526,荔枝,水果,核果类,23.52,安徽省,夏季,6,False
1527,香瓜,水果,核果类,4.74,青海省,全年,11,True
1528,糯米,粮油,杂粮,33.07,北京市,春季,358,True
1529,老鸭,禽肉蛋品,蛋类,37.84,新疆维吾尔自治区,夏季,32,True
1530,茄子,蔬菜,茄果类,11.52,湖南省,冬季,29,True
1531,小米,粮油,大米,76.99,新疆维吾尔自治区,春季,388,True
1532,红富士苹果,水果,浆果类,14.02,北京市,全年,30,True
1533,枇杷,水果,瓜果类,17.26,新疆维吾尔自治区,夏季,29,True
1534,亚麻籽油,粮油,食用油,72.48,内蒙古自治区,夏季,248,True
1535,鸽子肉,禽肉蛋品,蛋类,12.06,吉林省,全年,45,True
1536,菠菜,蔬菜,豆类,5.97,黑龙江省,夏季,29,False
1537,代森锰锌,农资,农膜,78.0,山西省,夏季,659,True
1538,鸽子肉,禽肉蛋品,畜肉类,39.78,青海省,秋季,58,True
1539,韭菜,蔬菜,豆类,14.15,云南省,秋季,23,True
1540,冬瓜,蔬菜,茄果类,13.49,安徽省,春季,7,True
1541,葵花籽油,粮油,大米,42.02,湖北省,全年,216,True
1542,红心火龙果,水果,热带水果,19.54,重庆市,春季,20,True
1543,枇杷,水果,仁果类,3.96,广东省,全年,10,True
1544,紫茄子,蔬菜,茄果类,14.07,四川省,春季,27,True
1545,柚子,水果,核果类,21.46,甘肃省,春季,20,True
1546,彩椒,蔬菜,花菜类,7.3,江苏省,冬季,20,True
1547,洋葱,蔬菜,瓜类,4.11,辽宁省,冬季,4,True
1548,红富士苹果,水果,柑橘类,23.18,陕西省,全年,21,True
1549,菜籽油,粮油,大米,9.25,河南省,冬季,364,True
1550,青萝卜,蔬菜,花菜类,4.8,宁夏回族自治区,秋季,7,True
1551,韭菜,蔬菜,花菜类,2.53,河南省,全年,9,True
1552,亚麻籽油,粮油,面粉,58.49,广西壮族自治区,秋季,479,False
1553,车厘子,水果,浆果类,17.62,山西省,春季,4,True
1554,洋葱,蔬菜,根茎类,2.56,河北省,夏季,29,False
1555,青提,水果,热带水果,6.31,湖南省,夏季,4,False
1556,牛肉,禽肉蛋品,禽肉类,13.94,西藏自治区,冬季,11,True
1557,三黄鸡,禽肉蛋品,蛋类,22.51,山东省,全年,56,True
1558,烟嘧磺隆,农资,农膜,52.65,山东省,冬季,553,False
1559,大葱,蔬菜,瓜类,8.81,山东省,秋季,3,False
1560,葵花籽油,粮油,食用油,61.5,上海市,夏季,208,True
1561,红薯粉,粮油,杂粮,59.69,上海市,春季,291,True
1562,甲基硫菌灵,农资,农膜,118.79,陕西省,全年,896,True
1563,水果苗木,农资,农药,182.47,江苏省,秋季,1063,False
1564,樱桃,水果,热带水果,12.11,福建省,冬季,4,True
1565,大葱,蔬菜,瓜类,10.32,上海市,全年,3,True
1566,乌鸡,禽肉蛋品,禽肉类,17.3,海南省,冬季,9,True
1567,小米辣,蔬菜,根茎类,12.9,新疆维吾尔自治区,夏季,16,True
1568,百菌清,农资,种子,22.17,西藏自治区,夏季,629,False
1569,水蜜桃,水果,柑橘类,20.02,湖北省,夏季,30,True
1570,红心猕猴桃,水果,瓜果类,7.97,山东省,全年,30,True
1571,花菜,蔬菜,花菜类,2.32,湖北省,秋季,11,True
1572,亚麻籽油,粮油,大米,22.6,内蒙古自治区,春季,259,True
1573,沃柑,水果,柑橘类,11.8,湖南省,秋季,29,True
1574,生姜,蔬菜,根茎类,5.32,宁夏回族自治区,春季,13,True
1575,马铃薯,蔬菜,花菜类,7.85,辽宁省,秋季,22,True
1576,茄子,蔬菜,茄果类,9.48,青海省,春季,22,True
1577,四季豆,蔬菜,花菜类,12.08,贵州省,秋季,9,True
1578,牛腱子,禽肉蛋品,畜肉类,27.82,江苏省,春季,16,False
1579,大棚膜,农资,农膜,149.28,黑龙江省,全年,417,False
1580,五花肉,禽肉蛋品,禽肉类,22.0,安徽省,全年,44,False
1581,青椒,蔬菜,茄果类,5.75,广西壮族自治区,春季,25,True
1582,糯玉米,粮油,食用油,31.4,河南省,全年,258,False
1583,猪蹄,禽肉蛋品,蛋类,48.89,广西壮族自治区,夏季,79,False
1584,防虫网,农资,农药,182.76,北京市,全年,1046,True
1585,葡萄,水果,浆果类,6.19,安徽省,冬季,16,True
1586,水蜜桃,水果,瓜果类,23.86,宁夏回族自治区,夏季,17,True
1587,大樱桃,水果,热带水果,28.11,山西省,春季,7,False
1588,东北大米,粮油,面粉,14.93,河南省,全年,577,False
1589,土豆,蔬菜,花菜类,4.76,黑龙江省,秋季,6,True
1590,葵花籽油,粮油,大米,8.39,重庆市,秋季,639,False
1591,羊肉,禽肉蛋品,禽肉类,47.4,福建省,夏季,30,True
1592,兔肉,禽肉蛋品,畜肉类,15.92,河南省,春季,82,True
1593,鹅肉,禽肉蛋品,禽肉类,30.81,安徽省,全年,82,True
1594,荞麦面,粮油,食用油,30.58,云南省,全年,710,False
1595,鸽子肉,禽肉蛋品,禽肉类,24.79,福建省,秋季,29,False
1596,青提,水果,瓜果类,14.62,湖南省,秋季,21,False
1597,小米辣,蔬菜,瓜类,3.1,浙江省,秋季,18,True
1598,甲基硫菌灵,农资,种子,153.16,内蒙古自治区,夏季,1047,True
1599,梨,水果,热带水果,7.56,北京市,全年,4,False
1600,黄瓜,蔬菜,叶菜类,12.74,云南省,春季,14,True
1601,小麦种子,农资,农膜,33.97,贵州省,冬季,667,False
1602,黑米,粮油,杂粮,37.42,宁夏回族自治区,秋季,268,False
1603,叶面肥,农资,种子,25.02,上海市,夏季,441,True
1604,南瓜,蔬菜,根茎类,11.43,新疆维吾尔自治区,春季,25,True
1605,磷酸二铵,农资,农膜,187.15,广东省,全年,690,True
1606,兔肉,禽肉蛋品,畜肉类,57.36,山东省,春季,38,True
1607,丝瓜,蔬菜,花菜类,5.08,湖南省,夏季,18,True
1608,玉米油,粮油,面粉,52.61,湖南省,春季,708,False
1609,五常大米,粮油,杂粮,41.8,河南省,全年,393,False
1610,龙眼,水果,浆果类,13.27,内蒙古自治区,全年,10,True
1611,大葱,蔬菜,茄果类,5.55,宁夏回族自治区,夏季,12,True
1612,大蒜,蔬菜,根茎类,6.32,内蒙古自治区,冬季,12,True
1613,红提,水果,浆果类,29.17,陕西省,秋季,10,True
1614,柠檬,水果,浆果类,6.07,甘肃省,冬季,25,True
1615,地膜,农资,农膜,54.62,甘肃省,秋季,639,True
1616,玉米种子,农资,化肥,156.64,黑龙江省,秋季,1056,True
1617,紫薯,蔬菜,根茎类,5.02,江西省,春季,11,True
1618,香蕉,水果,仁果类,15.09,福建省,夏季,21,False
1619,大蒜,蔬菜,叶菜类,14.57,西藏自治区,全年,13,True
1620,豌豆,蔬菜,叶菜类,6.62,上海市,秋季,14,True
1621,牛肉,禽肉蛋品,蛋类,18.94,贵州省,全年,32,False
1622,甜玉米,粮油,面粉,65.1,福建省,秋季,519,True
1623,土鸡,禽肉蛋品,蛋类,51.97,山东省,全年,20,True
1624,泰国香米,粮油,面粉,27.61,福建省,夏季,433,True
1625,玉米,粮油,杂粮,66.37,江苏省,秋季,266,True
1626,四季豆,蔬菜,花菜类,1.77,陕西省,全年,22,False
1627,雪梨,水果,核果类,25.45,湖南省,秋季,28,True
1628,小白菜,蔬菜,瓜类,7.7,河北省,春季,11,False
1629,老鸭,禽肉蛋品,禽肉类,12.84,陕西省,冬季,78,True
1630,龙眼,水果,热带水果,9.6,贵州省,春季,18,True
1631,防虫网,农资,化肥,52.57,广西壮族自治区,春季,771,False
1632,莲藕,蔬菜,豆类,10.18,广东省,秋季,7,True
1633,生物菌肥,农资,农药,174.32,湖南省,冬季,972,True
1634,红心柚,水果,核果类,22.52,贵州省,全年,27,True
1635,花生油,粮油,杂粮,60.54,福建省,夏季,217,True
1636,樱桃谷鸭,禽肉蛋品,蛋类,43.9,河北省,全年,69,True
1637,生姜,蔬菜,茄果类,7.73,安徽省,冬季,19,True
1638,小米,粮油,大米,57.44,陕西省,冬季,310,False
1639,青提,水果,仁果类,8.33,浙江省,春季,4,False
1640,大蒜,蔬菜,豆类,3.39,云南省,全年,16,True
1641,蓝莓,水果,浆果类,27.89,重庆市,秋季,19,True
1642,吡虫啉,农资,农药,109.42,福建省,夏季,993,False
1643,青萝卜,蔬菜,瓜类,7.75,云南省,秋季,26,True
1644,冲施肥,农资,农药,145.87,贵州省,冬季,375,True
1645,黄桃,水果,仁果类,11.42,四川省,夏季,9,True
1646,螺丝椒,蔬菜,叶菜类,9.94,山东省,全年,8,True
1647,鹌鹑肉,禽肉蛋品,蛋类,40.7,辽宁省,夏季,42,True
1648,小麦种子,农资,种子,128.66,辽宁省,冬季,625,True
1649,鸡肉,禽肉蛋品,蛋类,15.93,吉林省,夏季,42,True
1650,鸭蛋,禽肉蛋品,畜肉类,41.53,吉林省,冬季,49,True
1651,百菌清,农资,农膜,41.94,湖南省,夏季,586,True
1652,面粉,粮油,面粉,40.66,浙江省,春季,511,True
1653,冲施肥,农资,农膜,136.32,陕西省,秋季,674,True
1654,梨,水果,核果类,23.9,江西省,冬季,14,True
1655,芦笋,蔬菜,叶菜类,9.67,宁夏回族自治区,夏季,8,False
1656,面粉,粮油,杂粮,38.12,黑龙江省,秋季,303,True
1657,小米辣,蔬菜,茄果类,13.19,四川省,冬季,27,True
1658,玉米面,粮油,面粉,33.07,江西省,春季,380,True
1659,大白菜,蔬菜,豆类,5.93,福建省,秋季,11,True
1660,车厘子,水果,仁果类,10.42,新疆维吾尔自治区,冬季,15,True
1661,老母鸡,禽肉蛋品,禽肉类,10.98,新疆维吾尔自治区,全年,10,False
1662,水果苗木,农资,农膜,99.96,浙江省,全年,471,True
1663,杨梅,水果,柑橘类,22.88,山西省,夏季,5,True
1664,籼米,粮油,杂粮,58.29,新疆维吾尔自治区,秋季,279,False
1665,软籽石榴,水果,瓜果类,22.91,内蒙古自治区,秋季,29,True
1666,吡虫啉,农资,种子,12.69,贵州省,冬季,791,False
1667,乌鸡蛋,禽肉蛋品,蛋类,47.59,天津市,夏季,41,True
1668,南瓜,蔬菜,豆类,10.8,湖南省,冬季,8,True
1669,五常大米,粮油,食用油,47.04,河北省,春季,529,True
1670,小米,粮油,杂粮,13.72,河南省,春季,366,False
1671,雪梨,水果,瓜果类,3.54,西藏自治区,夏季,28,True
1672,鹅肉,禽肉蛋品,蛋类,45.66,宁夏回族自治区,夏季,46,False
1673,鹌鹑肉,禽肉蛋品,蛋类,47.3,重庆市,夏季,46,True
1674,低筋面粉,粮油,食用油,47.38,江苏省,冬季,411,False
1675,软籽石榴,水果,柑橘类,10.0,福建省,冬季,11,True
1676,青椒,蔬菜,瓜类,10.16,北京市,冬季,29,True
1677,泰国香米,粮油,杂粮,45.35,江苏省,夏季,624,True
1678,玉米油,粮油,面粉,57.47,安徽省,全年,455,True
1679,花生油,粮油,面粉,24.56,广西壮族自治区,春季,709,True
1680,芒果,水果,核果类,11.72,吉林省,全年,15,True
1681,草甘膦,农资,化肥,78.19,新疆维吾尔自治区,春季,527,True
1682,生姜,蔬菜,叶菜类,13.83,浙江省,秋季,8,True
1683,烟台苹果,水果,核果类,19.65,上海市,全年,21,True
1684,红豆,粮油,面粉,59.25,河北省,全年,525,True
1685,娃娃菜,蔬菜,茄果类,14.12,北京市,全年,6,True
1686,甜玉米,粮油,大米,43.42,浙江省,秋季,716,True
1687,冲施肥,农资,农药,73.3,甘肃省,春季,457,True
1688,亚麻籽油,粮油,杂粮,17.4,江西省,春季,331,True
1689,阳光玫瑰,水果,仁果类,9.38,浙江省,夏季,16,True
1690,荔枝,水果,热带水果,23.94,海南省,春季,18,True
1691,梨,水果,瓜果类,21.87,江西省,冬季,24,True
1692,苦瓜,蔬菜,叶菜类,3.23,江西省,夏季,15,True
1693,小麦种子,农资,农膜,23.61,黑龙江省,冬季,1050,False
1694,土鸡,禽肉蛋品,畜肉类,47.93,浙江省,秋季,53,True
1695,甜玉米,粮油,大米,22.26,新疆维吾尔自治区,冬季,372,True
1696,油麦菜,蔬菜,瓜类,10.33,江西省,冬季,7,True
1697,莲藕,蔬菜,叶菜类,14.44,河北省,冬季,8,True
1698,兔肉,禽肉蛋品,蛋类,49.92,广西壮族自治区,秋季,19,True
1699,大白菜,蔬菜,茄果类,3.24,安徽省,全年,15,True
1700,菠萝,水果,瓜果类,14.41,江西省,春季,12,True
1701,黑米,粮油,杂粮,32.96,贵州省,冬季,523,False
1702,叶面肥,农资,农药,111.03,陕西省,冬季,1055,True
1703,杨梅,水果,热带水果,8.34,河北省,全年,26,False
1704,山药,蔬菜,瓜类,3.14,山东省,冬季,17,True
1705,莠去津,农资,种子,74.12,陕西省,秋季,389,True
1706,麒麟瓜,水果,核果类,15.06,四川省,秋季,23,True
1707,枇杷,水果,仁果类,22.94,黑龙江省,夏季,8,True
1708,枇杷,水果,柑橘类,16.32,新疆维吾尔自治区,秋季,14,False
1709,土鸡,禽肉蛋品,畜肉类,35.23,天津市,冬季,12,True
1710,番茄,蔬菜,豆类,10.11,重庆市,春季,15,True
1711,葵花籽油,粮油,食用油,35.06,陕西省,夏季,443,False
1712,小米,粮油,杂粮,13.73,西藏自治区,夏季,447,False
1713,里脊肉,禽肉蛋品,蛋类,49.55,山西省,秋季,80,True
1714,红薯粉,粮油,食用油,56.66,重庆市,夏季,463,True
1715,火龙果,水果,柑橘类,10.69,甘肃省,春季,16,True
1716,紫米,粮油,食用油,39.68,河北省,秋季,279,True
1717,巨峰葡萄,水果,柑橘类,19.51,河南省,全年,29,True
1718,青萝卜,蔬菜,瓜类,6.75,黑龙江省,全年,3,True
1719,紫薯,蔬菜,茄果类,13.03,广西壮族自治区,冬季,9,True
1720,香瓜,水果,浆果类,3.87,江西省,全年,5,True
1721,鸭肉,禽肉蛋品,蛋类,46.9,湖南省,全年,54,True
1722,土豆粉,粮油,杂粮,16.69,四川省,全年,350,True
1723,樱桃谷鸭,禽肉蛋品,蛋类,58.61,北京市,全年,69,False
1724,西兰花,蔬菜,茄果类,9.7,江西省,春季,6,True
1725,红心猕猴桃,水果,热带水果,7.82,福建省,夏季,27,True
1726,甜玉米,粮油,杂粮,61.35,辽宁省,冬季,465,True
1727,芹菜,蔬菜,花菜类,10.77,宁夏回族自治区,秋季,19,True
1728,土豆,蔬菜,根茎类,7.76,北京市,冬季,8,False
1729,葡萄,水果,仁果类,25.41,黑龙江省,冬季,23,True
1730,烟嘧磺隆,农资,农膜,87.96,陕西省,春季,998,True
1731,五花肉,禽肉蛋品,蛋类,37.67,内蒙古自治区,冬季,9,True
1732,皇冠梨,水果,瓜果类,21.48,云南省,秋季,3,True
1733,烟嘧磺隆,农资,农药,183.51,海南省,冬季,742,False
1734,黄桃,水果,瓜果类,8.39,青海省,夏季,12,True
1735,皇冠梨,水果,核果类,9.62,广西壮族自治区,全年,17,False
1736,绿豆,粮油,大米,50.3,上海市,秋季,343,True
1737,糯米,粮油,大米,7.42,重庆市,冬季,712,False
1738,硫酸钾,农资,农膜,59.41,西藏自治区,全年,488,False
1739,里脊肉,禽肉蛋品,畜肉类,30.8,四川省,春季,44,False
1740,泰国香米,粮油,食用油,58.75,江西省,全年,630,True
1741,贵妃芒,水果,浆果类,25.28,北京市,春季,26,True
1742,螺丝椒,蔬菜,茄果类,4.78,青海省,冬季,9,True
1743,豆角,蔬菜,叶菜类,13.64,广西壮族自治区,冬季,27,True
1744,葡萄,水果,瓜果类,11.93,广西壮族自治区,冬季,25,True
1745,赣南脐橙,水果,柑橘类,17.09,江苏省,春季,10,False
1746,牛腩,禽肉蛋品,禽肉类,57.13,福建省,夏季,79,True
1747,紫薯,蔬菜,花菜类,3.58,福建省,夏季,7,True
1748,代森锰锌,农资,农药,171.67,四川省,全年,675,True
1749,哈密瓜,水果,瓜果类,23.13,贵州省,全年,15,True
1750,乙草胺,农资,农药,172.0,吉林省,秋季,900,True
1751,地膜,农资,农药,109.8,海南省,夏季,860,False
1752,沃柑,水果,浆果类,11.35,湖北省,夏季,7,True
1753,黑米,粮油,面粉,42.41,辽宁省,全年,192,False
1754,荞麦面,粮油,面粉,54.82,辽宁省,冬季,281,False
1755,南瓜,蔬菜,豆类,8.72,西藏自治区,全年,30,True
1756,土豆粉,粮油,面粉,24.21,湖北省,夏季,430,True
1757,低筋面粉,粮油,大米,24.93,内蒙古自治区,秋季,273,False
1758,糯米,粮油,面粉,27.71,贵州省,夏季,413,True
1759,红豆,粮油,杂粮,45.27,广东省,春季,506,False
1760,黄桃,水果,仁果类,5.25,广西壮族自治区,夏季,6,True
1761,水蜜桃,水果,浆果类,3.26,吉林省,冬季,30,False
1762,土豆粉,粮油,面粉,65.43,吉林省,全年,647,False
1763,红心火龙果,水果,热带水果,16.3,河北省,夏季,13,True
1764,生姜,蔬菜,瓜类,13.21,河北省,夏季,13,True
1765,三黄鸡,禽肉蛋品,畜肉类,13.8,广西壮族自治区,夏季,69,True
1766,大棚膜,农资,农膜,40.99,云南省,春季,807,False
1767,百香果,水果,浆果类,21.55,新疆维吾尔自治区,夏季,9,True
1768,玉米面,粮油,食用油,27.9,贵州省,全年,663,True
1769,洋葱,蔬菜,茄果类,10.57,吉林省,秋季,8,True
1770,西红柿,蔬菜,茄果类,10.44,内蒙古自治区,秋季,19,False
1771,羊腿,禽肉蛋品,禽肉类,45.78,北京市,夏季,40,True
1772,戊唑醇,农资,种子,68.18,江苏省,秋季,687,True
1773,土豆,蔬菜,根茎类,11.79,四川省,冬季,4,False
1774,香菜,蔬菜,根茎类,5.2,北京市,夏季,9,True
1775,哈密瓜,水果,仁果类,14.54,安徽省,冬季,13,True
1776,玉米面,粮油,杂粮,25.55,海南省,春季,428,True
1777,红豆,粮油,大米,54.46,北京市,冬季,435,True
1778,老鸭,禽肉蛋品,蛋类,10.92,广东省,秋季,42,True
1779,茄子,蔬菜,叶菜类,3.31,云南省,春季,13,False
1780,面粉,粮油,面粉,27.41,吉林省,夏季,270,True
1781,西兰花,蔬菜,花菜类,9.02,河北省,秋季,25,True
1782,糯米,粮油,食用油,69.01,西藏自治区,冬季,399,True
1783,山药,蔬菜,瓜类,4.19,安徽省,秋季,11,True
1784,冲施肥,农资,化肥,88.05,新疆维吾尔自治区,冬季,863,False
1785,籼米,粮油,食用油,47.43,四川省,春季,696,False
1786,西兰花,蔬菜,根茎类,9.26,福建省,春季,26,True
1787,梨,水果,仁果类,7.27,黑龙江省,全年,30,False
1788,鹅肉,禽肉蛋品,畜肉类,59.63,新疆维吾尔自治区,春季,62,False
1789,荷兰豆,蔬菜,茄果类,5.96,新疆维吾尔自治区,夏季,23,True
1790,豆角,蔬菜,花菜类,14.3,天津市,春季,15,True
1791,香瓜,水果,仁果类,9.08,四川省,冬季,7,True
1792,荔枝,水果,浆果类,15.36,黑龙江省,夏季,27,True
1793,水溶肥,农资,农药,38.17,北京市,秋季,550,True
1794,娃娃菜,蔬菜,茄果类,6.21,黑龙江省,春季,13,False
1795,甲维盐,农资,农药,41.02,福建省,秋季,603,False
1796,麒麟瓜,水果,仁果类,26.7,江苏省,冬季,6,True
1797,紫薯,蔬菜,花菜类,11.49,海南省,冬季,4,True
1798,水果黄瓜,蔬菜,根茎类,12.5,吉林省,春季,8,True
1799,五花肉,禽肉蛋品,蛋类,47.34,浙江省,春季,69,True
1800,辣椒,蔬菜,根茎类,4.34,湖南省,春季,28,True
1801,竹笋,蔬菜,叶菜类,7.67,西藏自治区,春季,15,True
1802,芹菜,蔬菜,瓜类,14.27,辽宁省,春季,16,False
1803,土鸡,禽肉蛋品,畜肉类,41.82,河南省,冬季,67,True
1804,草甘膦,农资,化肥,171.01,江苏省,夏季,943,True
1805,香菜,蔬菜,花菜类,11.79,云南省,春季,22,True
1806,甲基硫菌灵,农资,种子,88.83,内蒙古自治区,夏季,794,True
1807,水溶肥,农资,农药,177.02,辽宁省,春季,531,True
1808,火龙果,水果,瓜果类,27.54,辽宁省,秋季,22,True
1809,葵花籽油,粮油,大米,40.29,宁夏回族自治区,夏季,597,True
1810,青萝卜,蔬菜,花菜类,3.79,贵州省,春季,3,True
1811,红心火龙果,水果,仁果类,29.16,广东省,冬季,16,False
1812,香菜,蔬菜,豆类,10.1,上海市,秋季,18,True
1813,冲施肥,农资,种子,112.6,甘肃省,全年,1049,False
1814,荷兰豆,蔬菜,豆类,3.2,湖南省,全年,7,True
1815,凤梨,水果,仁果类,5.56,重庆市,冬季,12,False
1816,红颜草莓,水果,浆果类,22.71,浙江省,秋季,13,True
1817,白萝卜,蔬菜,豆类,9.29,贵州省,秋季,27,False
1818,青椒,蔬菜,花菜类,9.32,江苏省,春季,26,False
1819,菠菜,蔬菜,茄果类,1.69,浙江省,春季,29,True
1820,巨峰葡萄,水果,仁果类,15.98,吉林省,秋季,9,True
1821,甜玉米,粮油,杂粮,38.99,湖南省,秋季,630,True
1822,油桃,水果,浆果类,29.91,安徽省,夏季,11,True
1823,水果苗木,农资,化肥,172.68,甘肃省,全年,634,True
1824,生姜,蔬菜,叶菜类,8.83,西藏自治区,春季,10,False
1825,黑米,粮油,食用油,70.5,江苏省,秋季,643,True
1826,有机肥,农资,农药,165.81,江西省,全年,564,True
1827,羊排,禽肉蛋品,蛋类,46.14,湖南省,秋季,74,True
1828,李子,水果,热带水果,24.61,山东省,秋季,20,True
1829,遮阳网,农资,农药,40.16,辽宁省,夏季,1015,False
1830,兔肉,禽肉蛋品,畜肉类,36.12,江苏省,全年,61,False
1831,火龙果,水果,浆果类,27.33,江西省,冬季,18,True
1832,阳光玫瑰,水果,仁果类,9.79,河南省,全年,24,True
1833,硫酸钾,农资,化肥,87.97,北京市,夏季,857,False
1834,菜籽油,粮油,杂粮,16.96,上海市,冬季,580,True
1835,麒麟瓜,水果,仁果类,29.01,湖北省,秋季,7,False
1836,青提,水果,热带水果,21.15,西藏自治区,夏季,17,True
1837,巨峰葡萄,水果,仁果类,6.17,新疆维吾尔自治区,秋季,19,True
1838,猪肉,禽肉蛋品,蛋类,30.79,甘肃省,春季,76,True
1839,生菜,蔬菜,花菜类,13.32,安徽省,春季,15,True
1840,香蕉,水果,核果类,18.79,陕西省,冬季,27,True
1841,油麦菜,蔬菜,花菜类,14.46,内蒙古自治区,秋季,10,False
1842,兔肉,禽肉蛋品,畜肉类,30.49,西藏自治区,春季,88,True
1843,大豆油,粮油,食用油,43.09,新疆维吾尔自治区,冬季,437,False
1844,猕猴桃,水果,瓜果类,16.11,上海市,全年,18,True
1845,南瓜,蔬菜,叶菜类,12.65,北京市,冬季,20,True
1846,猪蹄,禽肉蛋品,畜肉类,56.11,海南省,冬季,12,True
1847,羊腿,禽肉蛋品,畜肉类,13.13,西藏自治区,春季,22,False
1848,雪梨,水果,瓜果类,27.4,山西省,冬季,29,True
1849,亚麻籽油,粮油,杂粮,39.56,海南省,全年,218,False
1850,红薯粉,粮油,大米,47.52,湖南省,春季,516,True
1851,复合肥,农资,农膜,179.28,海南省,秋季,1064,True
1852,多菌灵,农资,种子,158.9,广西壮族自治区,秋季,834,False
1853,羊排,禽肉蛋品,蛋类,37.04,湖南省,全年,89,True
1854,小米辣,蔬菜,茄果类,8.25,海南省,春季,13,True
1855,丝瓜,蔬菜,瓜类,5.63,天津市,春季,23,True
1856,牛肉,禽肉蛋品,蛋类,27.9,北京市,秋季,69,True
1857,核桃油,粮油,面粉,17.64,西藏自治区,春季,294,True
1858,竹笋,蔬菜,花菜类,9.07,新疆维吾尔自治区,全年,20,True
1859,乌鸡蛋,禽肉蛋品,蛋类,12.71,河南省,全年,58,False
1860,西瓜,水果,热带水果,13.71,辽宁省,冬季,6,True
1861,玉米油,粮油,大米,79.96,安徽省,冬季,221,True
1862,车厘子,水果,仁果类,9.06,云南省,夏季,10,False
1863,水果黄瓜,蔬菜,茄果类,5.51,四川省,春季,30,True
1864,糯玉米,粮油,面粉,18.95,陕西省,全年,589,True
1865,烟嘧磺隆,农资,种子,161.39,山西省,秋季,634,True
1866,苦瓜,蔬菜,瓜类,6.32,黑龙江省,夏季,13,False
1867,多菌灵,农资,农药,196.39,广东省,全年,1090,True
1868,青萝卜,蔬菜,茄果类,6.2,重庆市,全年,29,False
1869,胡萝卜,蔬菜,叶菜类,9.85,广西壮族自治区,冬季,21,True
1870,吡虫啉,农资,化肥,95.21,黑龙江省,春季,720,True
1871,糯米,粮油,食用油,76.61,河南省,秋季,438,False
1872,黄豆,粮油,杂粮,62.33,山西省,夏季,585,True
1873,西兰花,蔬菜,花菜类,5.61,甘肃省,夏季,21,True
1874,马铃薯,蔬菜,茄果类,8.78,北京市,全年,13,False
1875,氯化钾,农资,种子,32.74,吉林省,春季,993,True
1876,西红柿,蔬菜,花菜类,4.86,湖南省,全年,27,True
1877,石榴,水果,仁果类,28.08,新疆维吾尔自治区,春季,13,True
1878,烟嘧磺隆,农资,农膜,142.32,江西省,夏季,716,True
1879,圣女果,蔬菜,花菜类,13.37,陕西省,冬季,5,True
1880,丝瓜,蔬菜,瓜类,10.05,新疆维吾尔自治区,秋季,17,True
1881,小白菜,蔬菜,豆类,14.76,山东省,春季,24,True
1882,李子,水果,仁果类,11.83,四川省,秋季,3,True
1883,鸭肉,禽肉蛋品,蛋类,16.96,西藏自治区,全年,70,True
1884,麒麟瓜,水果,仁果类,21.45,海南省,夏季,22,True
1885,百香果,水果,瓜果类,26.75,海南省,夏季,19,True
1886,东北大米,粮油,大米,45.32,青海省,春季,499,False
1887,荔枝,水果,柑橘类,17.0,吉林省,春季,18,True
1888,红心柚,水果,浆果类,15.28,西藏自治区,全年,29,True
1889,韭菜,蔬菜,花菜类,2.38,黑龙江省,夏季,14,True
1890,地膜,农资,农药,86.81,上海市,秋季,425,False
1891,生物菌肥,农资,化肥,134.41,甘肃省,全年,941,True
1892,土豆,蔬菜,豆类,4.21,新疆维吾尔自治区,秋季,7,True
1893,香蕉,水果,核果类,14.75,江西省,春季,18,True
1894,梨,水果,核果类,13.5,内蒙古自治区,冬季,28,True
1895,籼米,粮油,大米,76.01,湖南省,秋季,357,True
1896,东北大米,粮油,大米,27.72,西藏自治区,夏季,540,False
1897,荔枝,水果,核果类,16.73,重庆市,夏季,19,True
1898,鸡肉,禽肉蛋品,蛋类,57.4,广西壮族自治区,夏季,47,True
1899,草莓,水果,热带水果,19.55,新疆维吾尔自治区,春季,15,True
1900,三黄鸡,禽肉蛋品,蛋类,20.5,宁夏回族自治区,秋季,29,False
1901,核桃油,粮油,杂粮,16.69,山东省,全年,432,True
1902,蓝莓,水果,瓜果类,22.17,吉林省,秋季,9,False
1903,老母鸡,禽肉蛋品,禽肉类,8.53,山西省,冬季,55,True
1904,地膜,农资,种子,11.98,内蒙古自治区,冬季,407,False
1905,大葱,蔬菜,花菜类,2.45,湖北省,春季,6,True
1906,糯米,粮油,面粉,29.55,黑龙江省,秋季,587,True
1907,皇冠梨,水果,浆果类,23.55,广东省,冬季,29,False
1908,丑橘,水果,热带水果,16.45,海南省,夏季,19,False
1909,芹菜,蔬菜,叶菜类,2.01,湖北省,冬季,8,True
1910,乌鸡蛋,禽肉蛋品,蛋类,40.0,陕西省,冬季,25,True
1911,全麦面粉,粮油,面粉,28.84,重庆市,全年,194,False
1912,冬瓜,蔬菜,茄果类,7.74,辽宁省,春季,15,True
1913,大棚膜,农资,化肥,44.95,湖北省,夏季,708,False
1914,紫薯,蔬菜,叶菜类,4.82,天津市,全年,12,True
1915,巨峰葡萄,水果,仁果类,21.49,广东省,冬季,19,True
1916,鹅蛋,禽肉蛋品,畜肉类,24.73,青海省,春季,25,False
1917,土鸡蛋,禽肉蛋品,禽肉类,37.26,四川省,冬季,79,True
1918,香蕉,水果,仁果类,17.73,吉林省,春季,23,True
1919,胡萝卜,蔬菜,花菜类,5.31,江西省,全年,15,True
1920,黄豆,粮油,食用油,78.51,辽宁省,冬季,670,False
1921,杏子,水果,浆果类,6.9,湖北省,夏季,15,False
1922,莠去津,农资,化肥,163.04,陕西省,夏季,408,True
1923,荞麦面,粮油,杂粮,68.01,江苏省,秋季,393,False
1924,马铃薯,蔬菜,根茎类,7.61,重庆市,冬季,17,True
1925,土豆,蔬菜,茄果类,8.65,重庆市,夏季,9,True
1926,鸽子肉,禽肉蛋品,畜肉类,48.77,甘肃省,秋季,66,True
1927,糯玉米,粮油,食用油,28.02,新疆维吾尔自治区,冬季,324,True
1928,紫薯,蔬菜,瓜类,12.74,宁夏回族自治区,全年,16,True
1929,梨,水果,柑橘类,13.38,甘肃省,全年,16,True
1930,豆角,蔬菜,茄果类,9.16,江西省,夏季,11,False
1931,羊排,禽肉蛋品,蛋类,28.9,新疆维吾尔自治区,夏季,26,True
1932,荷兰豆,蔬菜,茄果类,14.07,北京市,秋季,22,False
1933,羊肉,禽肉蛋品,畜肉类,9.84,宁夏回族自治区,春季,15,True
1934,砂糖橘,水果,浆果类,5.43,海南省,秋季,9,True
1935,戊唑醇,农资,化肥,128.41,辽宁省,秋季,962,False
1936,螺丝椒,蔬菜,花菜类,5.41,浙江省,春季,28,True
1937,水溶肥,农资,农药,32.5,陕西省,全年,784,True
1938,猪肉,禽肉蛋品,畜肉类,43.88,河北省,夏季,21,True
1939,百香果,水果,仁果类,4.06,北京市,冬季,18,True
1940,烟台苹果,水果,热带水果,29.67,山西省,秋季,17,True
1941,烟台苹果,水果,核果类,21.14,西藏自治区,秋季,13,False
1942,硫酸钾,农资,农药,128.57,江苏省,冬季,518,True
1943,阿维菌素,农资,种子,145.17,福建省,春季,728,False
1944,东北大米,粮油,杂粮,32.39,浙江省,秋季,376,True
1945,复合肥,农资,农膜,182.11,安徽省,春季,1029,True
1946,紫薯,蔬菜,根茎类,2.05,安徽省,冬季,24,True
1947,鸭蛋,禽肉蛋品,畜肉类,46.2,四川省,春季,45,True
1948,烟嘧磺隆,农资,农膜,142.1,山东省,秋季,1078,True
1949,竹笋,蔬菜,根茎类,11.05,陕西省,夏季,14,True
1950,猪肉,禽肉蛋品,禽肉类,12.33,河北省,冬季,17,False
1951,大棚膜,农资,化肥,164.04,四川省,春季,613,True
1952,番茄,蔬菜,豆类,4.7,上海市,春季,30,True
1953,葵花籽油,粮油,大米,48.71,江苏省,冬季,518,False
1954,红心猕猴桃,水果,仁果类,6.75,山西省,春季,8,True
1955,尿素,农资,农膜,140.26,上海市,夏季,416,False
1956,大蒜,蔬菜,豆类,7.93,湖南省,夏季,25,False
1957,鹅蛋,禽肉蛋品,禽肉类,46.04,福建省,全年,14,True
1958,油麦菜,蔬菜,茄果类,5.05,湖南省,全年,21,False
1959,牛腩,禽肉蛋品,蛋类,17.73,湖南省,秋季,36,True
1960,排骨,禽肉蛋品,禽肉类,29.44,内蒙古自治区,秋季,34,True
1961,菜籽油,粮油,大米,71.79,新疆维吾尔自治区,秋季,468,False
1962,沃柑,水果,核果类,27.37,辽宁省,春季,22,True
1963,小葱,蔬菜,花菜类,1.66,广西壮族自治区,春季,13,True
1964,莠去津,农资,化肥,59.86,吉林省,秋季,826,True
1965,核桃油,粮油,杂粮,62.26,福建省,秋季,374,True
1966,龙眼,水果,浆果类,15.55,陕西省,冬季,13,False
1967,甜玉米,粮油,杂粮,72.43,海南省,冬季,336,True
1968,糯玉米,粮油,大米,15.46,海南省,秋季,570,False
1969,老鸭,禽肉蛋品,禽肉类,30.59,四川省,夏季,26,True
1970,猕猴桃,水果,仁果类,15.75,江西省,秋季,13,True
1971,西红柿,蔬菜,瓜类,14.4,天津市,全年,11,True
1972,豌豆,蔬菜,根茎类,7.37,陕西省,夏季,18,False
1973,猕猴桃,水果,仁果类,11.73,西藏自治区,冬季,22,True
1974,水蜜桃,水果,柑橘类,16.24,陕西省,秋季,23,True
1975,牛腱子,禽肉蛋品,畜肉类,39.8,陕西省,全年,23,True
1976,青椒,蔬菜,花菜类,3.23,海南省,全年,18,True
1977,马铃薯,蔬菜,茄果类,14.25,湖南省,夏季,30,False
1978,鹌鹑肉,禽肉蛋品,禽肉类,22.59,上海市,秋季,80,False
1979,鹌鹑肉,禽肉蛋品,蛋类,24.74,西藏自治区,全年,36,True
1980,兔肉,禽肉蛋品,蛋类,37.29,云南省,春季,47,True
1981,红提,水果,柑橘类,11.68,内蒙古自治区,全年,18,True
1982,百菌清,农资,化肥,84.02,广西壮族自治区,夏季,647,False
1983,菠菜,蔬菜,根茎类,4.51,湖北省,春季,13,True
1984,里脊肉,禽肉蛋品,蛋类,22.18,上海市,秋季,69,False
1985,里脊肉,禽肉蛋品,蛋类,50.16,天津市,夏季,83,True
1986,砂糖橘,水果,瓜果类,8.26,宁夏回族自治区,全年,12,True
1987,豆角,蔬菜,叶菜类,5.02,福建省,夏季,12,True
1988,羊排,禽肉蛋品,禽肉类,27.17,河南省,夏季,64,True
1989,猪蹄,禽肉蛋品,禽肉类,24.33,北京市,秋季,65,True
1990,绿豆,粮油,食用油,48.99,浙江省,秋季,197,True
1991,农膜,农资,种子,69.9,江苏省,冬季,928,True
1992,辣椒,蔬菜,根茎类,5.91,浙江省,春季,23,True
1993,排骨,禽肉蛋品,蛋类,34.61,宁夏回族自治区,夏季,70,True
1994,贵妃芒,水果,仁果类,7.41,贵州省,夏季,5,True
1995,草铵膦,农资,化肥,75.28,陕西省,春季,869,True
1996,红心火龙果,水果,瓜果类,13.69,上海市,夏季,20,True
1997,土豆粉,粮油,面粉,62.21,广东省,秋季,412,True
1998,里脊肉,禽肉蛋品,蛋类,41.43,山东省,夏季,68,True
1999,红颜草莓,水果,柑橘类,26.5,西藏自治区,全年,13,True
2000,甜玉米,粮油,大米,62.42,贵州省,冬季,204,True
